Workbook

Sheet Test Scenario Summary
A1: Student ID | B1: 673380572-9
A2: Student Name | B2: กฤติธี ศรีใสย์ | K2: Student ID | L2: 673380572-9
A3: Section | K3: Student Name | L3: กฤติธี ศรีใสย์
K4: Section | L4: 04
A5: Use case ID/ Req. ID | B5: Scenario ID | C5: Test Scenario | D5: No. of Test Cases | E5: Pass | F5: Fail | G5: No run | H5: Block | I5: Remark / Defect ID
A6: REQ-01 | B6: TS001 | C6: Room management (Service) | D6: =COUNTIF('Test Case Design & Test Results'!$A$10:$A$189,B6) -> 10 | E6: =COUNTIFS('Test Case Design & Test Results'!$A$10:$A$189,B6,'Test Case Design & Test Results'!$G$10:$G$189,"Pass") -> 10 | F6: =COUNTIFS('Test Case Design & Test Results'!$A$10:$A$189,B6,'Test Case Design & Test Results'!$G$10:$G$189,"Fail") -> 0 | G6: =COUNTIFS('Test Case Design & Test Results'!$A$10:$A$189,B6,'Test Case Design & Test Results'!$G$10:$G$189,"No run") -> 0 | H6: =COUNTIFS('Test Case Design & Test Results'!$A$10:$A$189,B6,'Test Case Design & Test Results'!$G$10:$G$189,"Block") -> 0 | I6: D004
A7: REQ-02 | B7: TS002 | C7: Equipment management (Service) | D7: =COUNTIF('Test Case Design & Test Results'!$A$10:$A$189,B7) -> 12 | E7: =COUNTIFS('Test Case Design & Test Results'!$A$10:$A$189,B7,'Test Case Design & Test Results'!$G$10:$G$189,"Pass") -> 12 | F7: =COUNTIFS('Test Case Design & Test Results'!$A$10:$A$189,B7,'Test Case Design & Test Results'!$G$10:$G$189,"Fail") -> 0 | G7: =COUNTIFS('Test Case Design & Test Results'!$A$10:$A$189,B7,'Test Case Design & Test Results'!$G$10:$G$189,"No run") -> 0 | H7: =COUNTIFS('Test Case Design & Test Results'!$A$10:$A$189,B7,'Test Case Design & Test Results'!$G$10:$G$189,"Block") -> 0 | I7: D003, D004
A8: REQ-03 | B8: TS003 | C8: Booking approval rule (Strategy) | D8: =COUNTIF('Test Case Design & Test Results'!$A$10:$A$189,B8) -> 5 | E8: =COUNTIFS('Test Case Design & Test Results'!$A$10:$A$189,B8,'Test Case Design & Test Results'!$G$10:$G$189,"Pass") -> 5 | F8: =COUNTIFS('Test Case Design & Test Results'!$A$10:$A$189,B8,'Test Case Design & Test Results'!$G$10:$G$189,"Fail") -> 0 | G8: =COUNTIFS('Test Case Design & Test Results'!$A$10:$A$189,B8,'Test Case Design & Test Results'!$G$10:$G$189,"No run") -> 0 | H8: =COUNTIFS('Test Case Design & Test Results'!$A$10:$A$189,B8,'Test Case Design & Test Results'!$G$10:$G$189,"Block") -> 0 | I8: D005, D006
A9: REQ-03 | B9: TS004 | C9: Create booking with approval rule | D9: =COUNTIF('Test Case Design & Test Results'!$A$10:$A$189,B9) -> 2 | E9: =COUNTIFS('Test Case Design & Test Results'!$A$10:$A$189,B9,'Test Case Design & Test Results'!$G$10:$G$189,"Pass") -> 2 | F9: =COUNTIFS('Test Case Design & Test Results'!$A$10:$A$189,B9,'Test Case Design & Test Results'!$G$10:$G$189,"Fail") -> 0 | G9: =COUNTIFS('Test Case Design & Test Results'!$A$10:$A$189,B9,'Test Case Design & Test Results'!$G$10:$G$189,"No run") -> 0 | H9: =COUNTIFS('Test Case Design & Test Results'!$A$10:$A$189,B9,'Test Case Design & Test Results'!$G$10:$G$189,"Block") -> 0 | I9: D005
A10: REQ-04 | B10: TS005 | C10: Room REST API | D10: =COUNTIF('Test Case Design & Test Results'!$A$10:$A$189,B10) -> 6 | E10: =COUNTIFS('Test Case Design & Test Results'!$A$10:$A$189,B10,'Test Case Design & Test Results'!$G$10:$G$189,"Pass") -> 6 | F10: =COUNTIFS('Test Case Design & Test Results'!$A$10:$A$189,B10,'Test Case Design & Test Results'!$G$10:$G$189,"Fail") -> 0 | G10: =COUNTIFS('Test Case Design & Test Results'!$A$10:$A$189,B10,'Test Case Design & Test Results'!$G$10:$G$189,"No run") -> 0 | H10: =COUNTIFS('Test Case Design & Test Results'!$A$10:$A$189,B10,'Test Case Design & Test Results'!$G$10:$G$189,"Block") -> 0 | I10: D001, D002, D004
A11: REQ-05 | B11: TS006 | C11: Equipment REST API | D11: =COUNTIF('Test Case Design & Test Results'!$A$10:$A$189,B11) -> 5 | E11: =COUNTIFS('Test Case Design & Test Results'!$A$10:$A$189,B11,'Test Case Design & Test Results'!$G$10:$G$189,"Pass") -> 5 | F11: =COUNTIFS('Test Case Design & Test Results'!$A$10:$A$189,B11,'Test Case Design & Test Results'!$G$10:$G$189,"Fail") -> 0 | G11: =COUNTIFS('Test Case Design & Test Results'!$A$10:$A$189,B11,'Test Case Design & Test Results'!$G$10:$G$189,"No run") -> 0 | H11: =COUNTIFS('Test Case Design & Test Results'!$A$10:$A$189,B11,'Test Case Design & Test Results'!$G$10:$G$189,"Block") -> 0 | I11: D001, D002, D004
A12: REQ-06 | B12: TS007 | C12: Input validation: Boundary value testing | D12: =COUNTIF('Test Case Design & Test Results'!$A$10:$A$189,B12) -> 109 | E12: =COUNTIFS('Test Case Design & Test Results'!$A$10:$A$189,B12,'Test Case Design & Test Results'!$G$10:$G$189,"Pass") -> 109 | F12: =COUNTIFS('Test Case Design & Test Results'!$A$10:$A$189,B12,'Test Case Design & Test Results'!$G$10:$G$189,"Fail") -> 0 | G12: =COUNTIFS('Test Case Design & Test Results'!$A$10:$A$189,B12,'Test Case Design & Test Results'!$G$10:$G$189,"No run") -> 0 | H12: =COUNTIFS('Test Case Design & Test Results'!$A$10:$A$189,B12,'Test Case Design & Test Results'!$G$10:$G$189,"Block") -> 0 | I12: -
A13: REQ-06 | B13: TS008 | C13: Input validation: Equivalence class testing (single fault) | D13: =COUNTIF('Test Case Design & Test Results'!$A$10:$A$189,B13) -> 25 | E13: =COUNTIFS('Test Case Design & Test Results'!$A$10:$A$189,B13,'Test Case Design & Test Results'!$G$10:$G$189,"Pass") -> 25 | F13: =COUNTIFS('Test Case Design & Test Results'!$A$10:$A$189,B13,'Test Case Design & Test Results'!$G$10:$G$189,"Fail") -> 0 | G13: =COUNTIFS('Test Case Design & Test Results'!$A$10:$A$189,B13,'Test Case Design & Test Results'!$G$10:$G$189,"No run") -> 0 | H13: =COUNTIFS('Test Case Design & Test Results'!$A$10:$A$189,B13,'Test Case Design & Test Results'!$G$10:$G$189,"Block") -> 0 | I13: D001
A14: REQ-01, REQ-02 | B14: TS009 | C14: Integration: API ถึง database จริง | D14: =COUNTIF('Test Case Design & Test Results'!$A$10:$A$189,B14) -> 6 | E14: =COUNTIFS('Test Case Design & Test Results'!$A$10:$A$189,B14,'Test Case Design & Test Results'!$G$10:$G$189,"Pass") -> 6 | F14: =COUNTIFS('Test Case Design & Test Results'!$A$10:$A$189,B14,'Test Case Design & Test Results'!$G$10:$G$189,"Fail") -> 0 | G14: =COUNTIFS('Test Case Design & Test Results'!$A$10:$A$189,B14,'Test Case Design & Test Results'!$G$10:$G$189,"No run") -> 0 | H14: =COUNTIFS('Test Case Design & Test Results'!$A$10:$A$189,B14,'Test Case Design & Test Results'!$G$10:$G$189,"Block") -> 0 | I14: D004
A15: Total | D15: =SUM(D6:D14) -> 180 | E15: =SUM(E6:E14) -> 180 | F15: =SUM(F6:F14) -> 0 | G15: =SUM(G6:G14) -> 0 | H15: =SUM(H6:H14) -> 0 | I15: Test Summary Report

Sheet Defect Summary
A2: No | B2: Defect No | C2: Defect Title | D2: Report Date | E2: Fix date | F2: Reporter | G2: Defect Status | H2: Defect Severity | I2: Defect Priority | J2: Closed By | K2: Defect Details
A3: 1 | B3: D001 | C3: Controller ไม่มี @Valid และ DTO ไม่มี constraint ทำให้ส่งข้อมูลผิดเข้าระบบได้ | D3: 6/10/2569 | E3: 6/10/2569 | F3: ทีม (code review) | G3: Closed | H3: Medium | I3: Medium | J3: กฤติธี ศรีใสย์ | K3: เพิ่ม @NotBlank/@NotNull/@Positive/@Size ใน RoomCreateRequest, EquipmentCreateRequest และใส่ @Valid ใน EquipmentController (POST, PUT) ทดสอบโดย TC-RC02, TC-EC02, TC-EC03
A4: 2 | B4: D002 | C4: URL ของ Equipment ไม่ใช้ prefix /api/v1 เหมือน endpoint อื่น | D4: 6/10/2569 | E4: 6/10/2569 | F4: ทีม (code review) | G4: Closed | H4: Low | I4: Low | J4: กฤติธี ศรีใสย์ | K4: เปลี่ยน /api/equipments เป็น /api/v1/equipments ทดสอบโดย TS006 ทุกเคส
A5: 3 | B5: D003 | C5: หา id ไม่เจอแล้ว throw RuntimeException ทำให้ได้ 500 แทน 404 | D5: 6/10/2569 | E5: 6/10/2569 | F5: ทีม (code review) | G5: Closed | H5: Medium | I5: High | J5: กฤติธี ศรีใสย์ | K5: EquipmentServiceImpl เปลี่ยนเป็น ResourceNotFoundException ผ่าน findEquipmentOrThrow() ทดสอบโดย TC-ES04, TC-ES07, TC-ES10, TC-EC04
A6: 4 | B6: D004 | C6: ลบห้อง/อุปกรณ์ที่มีการจองผูกอยู่ ติด foreign key แล้วได้ 500 แทน 409 | D6: 6/10/2569 | E6: 6/10/2569 | F6: ทีม (code review) | G6: Closed | H6: Medium | I6: High | J6: กฤติธี ศรีใสย์ | K6: delete แล้ว flush() ใน try แล้วแปลง DataIntegrityViolationException เป็น ConflictException และมี handler ใน GlobalExceptionHandler ตอบ 409 ทดสอบโดย TC-RS10, TC-ES12, TC-RC05, TC-EC05
A7: 5 | B7: D005 | C7: Strategy Pattern เขียนไว้แต่ไม่มีใครเรียกใช้ การจองทุกห้องค้างที่ PENDING | D7: 6/10/2569 | E7: 6/10/2569 | F7: ทีม (code review) | G7: Closed | H7: High | I7: High | J7: กฤติธี ศรีใสย์ | K7: BookingServiceImpl.createBooking() เรียก BookingRuleStrategyFactory ตามประเภทห้อง STANDARD อนุมัติอัตโนมัติ VIP รออนุมัติ ทดสอบโดย TC-BK01, TC-BK02
A8: 6 | B8: D006 | C8: ไฟล์ BookingRuleStrategyFactory ไม่มีนามสกุล .java จึงไม่ถูก compile | D8: 6/10/2569 | E8: 6/10/2569 | F8: ทีม (code review) | G8: Closed | H8: High | I8: High | J8: กฤติธี ศรีใสย์ | K8: เปลี่ยนชื่อเป็น BookingRuleStrategyFactory.java ทดสอบโดย TC-ST03 ถึง TC-ST05

Sheet BVT Summary
A2: Test Strategy | B2: No. of Test Cases | C2: Pass | D2: Fail | E2: No run | F2: Block | G2: Remark / Defect ID
A3: Normal Boundary Value Testing (Room) | B3: =COUNTIF('Test Case Design & Test Results'!$B$10:$B$189,"TC-BVR-N??") -> 9 | C3: =COUNTIFS('Test Case Design & Test Results'!$B$10:$B$189,"TC-BVR-N??",'Test Case Design & Test Results'!$G$10:$G$189,"Pass") -> 9 | D3: =COUNTIFS('Test Case Design & Test Results'!$B$10:$B$189,"TC-BVR-N??",'Test Case Design & Test Results'!$G$10:$G$189,"Fail") -> 0 | E3: =COUNTIFS('Test Case Design & Test Results'!$B$10:$B$189,"TC-BVR-N??",'Test Case Design & Test Results'!$G$10:$G$189,"No run") -> 0 | F3: =COUNTIFS('Test Case Design & Test Results'!$B$10:$B$189,"TC-BVR-N??",'Test Case Design & Test Results'!$G$10:$G$189,"Block") -> 0 | G3: 4n+1 = 9
A4: Robustness Testing (Room) | B4: =COUNTIF('Test Case Design & Test Results'!$B$10:$B$189,"TC-BVR-R??") -> 12 | C4: =COUNTIFS('Test Case Design & Test Results'!$B$10:$B$189,"TC-BVR-R??",'Test Case Design & Test Results'!$G$10:$G$189,"Pass") -> 12 | D4: =COUNTIFS('Test Case Design & Test Results'!$B$10:$B$189,"TC-BVR-R??",'Test Case Design & Test Results'!$G$10:$G$189,"Fail") -> 0 | E4: =COUNTIFS('Test Case Design & Test Results'!$B$10:$B$189,"TC-BVR-R??",'Test Case Design & Test Results'!$G$10:$G$189,"No run") -> 0 | F4: =COUNTIFS('Test Case Design & Test Results'!$B$10:$B$189,"TC-BVR-R??",'Test Case Design & Test Results'!$G$10:$G$189,"Block") -> 0 | G4: 6n+1 = 13 (12 + TC-RC06)
A5: Worst-case Testing (Room) | B5: =COUNTIF('Test Case Design & Test Results'!$B$10:$B$189,"TC-BVR-W??") -> 25 | C5: =COUNTIFS('Test Case Design & Test Results'!$B$10:$B$189,"TC-BVR-W??",'Test Case Design & Test Results'!$G$10:$G$189,"Pass") -> 25 | D5: =COUNTIFS('Test Case Design & Test Results'!$B$10:$B$189,"TC-BVR-W??",'Test Case Design & Test Results'!$G$10:$G$189,"Fail") -> 0 | E5: =COUNTIFS('Test Case Design & Test Results'!$B$10:$B$189,"TC-BVR-W??",'Test Case Design & Test Results'!$G$10:$G$189,"No run") -> 0 | F5: =COUNTIFS('Test Case Design & Test Results'!$B$10:$B$189,"TC-BVR-W??",'Test Case Design & Test Results'!$G$10:$G$189,"Block") -> 0 | G5: 5^n = 25
A6: Robust Worst-case Testing (Room) | B6: =COUNTIF('Test Case Design & Test Results'!$B$10:$B$189,"TC-BVR-RW??") -> 42 | C6: =COUNTIFS('Test Case Design & Test Results'!$B$10:$B$189,"TC-BVR-RW??",'Test Case Design & Test Results'!$G$10:$G$189,"Pass") -> 42 | D6: =COUNTIFS('Test Case Design & Test Results'!$B$10:$B$189,"TC-BVR-RW??",'Test Case Design & Test Results'!$G$10:$G$189,"Fail") -> 0 | E6: =COUNTIFS('Test Case Design & Test Results'!$B$10:$B$189,"TC-BVR-RW??",'Test Case Design & Test Results'!$G$10:$G$189,"No run") -> 0 | F6: =COUNTIFS('Test Case Design & Test Results'!$B$10:$B$189,"TC-BVR-RW??",'Test Case Design & Test Results'!$G$10:$G$189,"Block") -> 0 | G6: 7^n = 49 (ทดสอบได้ 42, capacity max+ เกิน Integer)
A7: Normal Boundary Value Testing (Equipment) | B7: =COUNTIF('Test Case Design & Test Results'!$B$10:$B$189,"TC-BVE-N??") -> 9 | C7: =COUNTIFS('Test Case Design & Test Results'!$B$10:$B$189,"TC-BVE-N??",'Test Case Design & Test Results'!$G$10:$G$189,"Pass") -> 9 | D7: =COUNTIFS('Test Case Design & Test Results'!$B$10:$B$189,"TC-BVE-N??",'Test Case Design & Test Results'!$G$10:$G$189,"Fail") -> 0 | E7: =COUNTIFS('Test Case Design & Test Results'!$B$10:$B$189,"TC-BVE-N??",'Test Case Design & Test Results'!$G$10:$G$189,"No run") -> 0 | F7: =COUNTIFS('Test Case Design & Test Results'!$B$10:$B$189,"TC-BVE-N??",'Test Case Design & Test Results'!$G$10:$G$189,"Block") -> 0 | G7: 4n+1 = 9
A8: Robustness Testing (Equipment) | B8: =COUNTIF('Test Case Design & Test Results'!$B$10:$B$189,"TC-BVE-R??") -> 12 | C8: =COUNTIFS('Test Case Design & Test Results'!$B$10:$B$189,"TC-BVE-R??",'Test Case Design & Test Results'!$G$10:$G$189,"Pass") -> 12 | D8: =COUNTIFS('Test Case Design & Test Results'!$B$10:$B$189,"TC-BVE-R??",'Test Case Design & Test Results'!$G$10:$G$189,"Fail") -> 0 | E8: =COUNTIFS('Test Case Design & Test Results'!$B$10:$B$189,"TC-BVE-R??",'Test Case Design & Test Results'!$G$10:$G$189,"No run") -> 0 | F8: =COUNTIFS('Test Case Design & Test Results'!$B$10:$B$189,"TC-BVE-R??",'Test Case Design & Test Results'!$G$10:$G$189,"Block") -> 0 | G8: 6n+1 = 13 (ทดสอบได้ 12)
A9: Total | B9: =SUM(B3:B8) -> 109 | C9: =SUM(C3:C8) -> 109 | D9: =SUM(D3:D8) -> 0 | E9: =SUM(E3:E8) -> 0 | F9: =SUM(F3:F8) -> 0
A11: Robustness capacity max+ (2147483648) ทดสอบที่ระดับ API: TC-RC06 (ดู TS005)

Sheet Normal_Room
A1: Test Case Design and Test Results | J1: ค่า | K1: name (ความยาว) | L1: capacity
J2: min- | K2: 0 | L2: 0
A3: Project Name: | B3: Room - RoomCreateRequest | E3: Student ID: | F3: 673380572-9 | J3: min | K3: 1 | L3: 1
A4: Test Strategy: | B4: Functional testing - Normal Boundary Value Testing | E4: Designer: | F4: กฤติธี ศรีใสย์ | J4: min+ | K4: 2 | L4: 2
A5: Test Environtment: | B5: Java 17, Spring Boot 4.1, JUnit 5, Mockito, Maven Surefire 3.5.6, Windows 11 | E5: Date: | F5: 9/10/2569 | J5: nom | K5: 50 | L5: 10
J6: max- | K6: 99 | L6: 2147483646
A7: Test Case ID | B7: Input | D7: Expected Result | E7: Actual Result | F7: Status (Pass/Fail/No run) | J7: max | K7: 100 | L7: 2147483647
B8: name (ความยาว) | C8: capacity | J8: max+ | K8: 101 | L8: 2147483648 (เกิน Integer)
A9: TC-BVR-N01 | B9: 50 (nom) | C9: 10 (nom) | D9: ผ่าน validation | E9: =IFERROR(INDEX('Test Case Design & Test Results'!$F$10:$F$189,MATCH(A9,'Test Case Design & Test Results'!$B$10:$B$189,0))&"","") -> ผ่าน validation | F9: =IFERROR(INDEX('Test Case Design & Test Results'!$G$10:$G$189,MATCH(A9,'Test Case Design & Test Results'!$B$10:$B$189,0)),"") -> Pass | J9: ช่วงที่ถูกต้อง | K9: [1, 100] | L9: [1, 2147483647]
A10: TC-BVR-N02 | B10: 1 (min) | C10: 10 (nom) | D10: ผ่าน validation | E10: =IFERROR(INDEX('Test Case Design & Test Results'!$F$10:$F$189,MATCH(A10,'Test Case Design & Test Results'!$B$10:$B$189,0))&"","") -> ผ่าน validation | F10: =IFERROR(INDEX('Test Case Design & Test Results'!$G$10:$G$189,MATCH(A10,'Test Case Design & Test Results'!$B$10:$B$189,0)),"") -> Pass
A11: TC-BVR-N03 | B11: 2 (min+) | C11: 10 (nom) | D11: ผ่าน validation | E11: =IFERROR(INDEX('Test Case Design & Test Results'!$F$10:$F$189,MATCH(A11,'Test Case Design & Test Results'!$B$10:$B$189,0))&"","") -> ผ่าน validation | F11: =IFERROR(INDEX('Test Case Design & Test Results'!$G$10:$G$189,MATCH(A11,'Test Case Design & Test Results'!$B$10:$B$189,0)),"") -> Pass
A12: TC-BVR-N04 | B12: 99 (max-) | C12: 10 (nom) | D12: ผ่าน validation | E12: =IFERROR(INDEX('Test Case Design & Test Results'!$F$10:$F$189,MATCH(A12,'Test Case Design & Test Results'!$B$10:$B$189,0))&"","") -> ผ่าน validation | F12: =IFERROR(INDEX('Test Case Design & Test Results'!$G$10:$G$189,MATCH(A12,'Test Case Design & Test Results'!$B$10:$B$189,0)),"") -> Pass
A13: TC-BVR-N05 | B13: 100 (max) | C13: 10 (nom) | D13: ผ่าน validation | E13: =IFERROR(INDEX('Test Case Design & Test Results'!$F$10:$F$189,MATCH(A13,'Test Case Design & Test Results'!$B$10:$B$189,0))&"","") -> ผ่าน validation | F13: =IFERROR(INDEX('Test Case Design & Test Results'!$G$10:$G$189,MATCH(A13,'Test Case Design & Test Results'!$B$10:$B$189,0)),"") -> Pass
A14: TC-BVR-N06 | B14: 50 (nom) | C14: 1 (min) | D14: ผ่าน validation | E14: =IFERROR(INDEX('Test Case Design & Test Results'!$F$10:$F$189,MATCH(A14,'Test Case Design & Test Results'!$B$10:$B$189,0))&"","") -> ผ่าน validation | F14: =IFERROR(INDEX('Test Case Design & Test Results'!$G$10:$G$189,MATCH(A14,'Test Case Design & Test Results'!$B$10:$B$189,0)),"") -> Pass
A15: TC-BVR-N07 | B15: 50 (nom) | C15: 2 (min+) | D15: ผ่าน validation | E15: =IFERROR(INDEX('Test Case Design & Test Results'!$F$10:$F$189,MATCH(A15,'Test Case Design & Test Results'!$B$10:$B$189,0))&"","") -> ผ่าน validation | F15: =IFERROR(INDEX('Test Case Design & Test Results'!$G$10:$G$189,MATCH(A15,'Test Case Design & Test Results'!$B$10:$B$189,0)),"") -> Pass
A16: TC-BVR-N08 | B16: 50 (nom) | C16: 2147483646 (max-) | D16: ผ่าน validation | E16: =IFERROR(INDEX('Test Case Design & Test Results'!$F$10:$F$189,MATCH(A16,'Test Case Design & Test Results'!$B$10:$B$189,0))&"","") -> ผ่าน validation | F16: =IFERROR(INDEX('Test Case Design & Test Results'!$G$10:$G$189,MATCH(A16,'Test Case Design & Test Results'!$B$10:$B$189,0)),"") -> Pass
A17: TC-BVR-N09 | B17: 50 (nom) | C17: 2147483647 (max) | D17: ผ่าน validation | E17: =IFERROR(INDEX('Test Case Design & Test Results'!$F$10:$F$189,MATCH(A17,'Test Case Design & Test Results'!$B$10:$B$189,0))&"","") -> ผ่าน validation | F17: =IFERROR(INDEX('Test Case Design & Test Results'!$G$10:$G$189,MATCH(A17,'Test Case Design & Test Results'!$B$10:$B$189,0)),"") -> Pass

Sheet Robustness_Room
A1: Test Case Design and Test Results | J1: ค่า | K1: name (ความยาว) | L1: capacity
J2: min- | K2: 0 | L2: 0
A3: Project Name: | B3: Room - RoomCreateRequest | E3: Student ID: | F3: 673380572-9 | J3: min | K3: 1 | L3: 1
A4: Test Strategy: | B4: Functional testing - Robustness Testing | E4: Designer: | F4: กฤติธี ศรีใสย์ | J4: min+ | K4: 2 | L4: 2
A5: Test Environtment: | B5: Java 17, Spring Boot 4.1, JUnit 5, Mockito, Maven Surefire 3.5.6, Windows 11 | E5: Date: | F5: 9/10/2569 | J5: nom | K5: 50 | L5: 10
J6: max- | K6: 99 | L6: 2147483646
A7: Test Case ID | B7: Input | D7: Expected Result | E7: Actual Result | F7: Status (Pass/Fail/No run) | J7: max | K7: 100 | L7: 2147483647
B8: name (ความยาว) | C8: capacity | J8: max+ | K8: 101 | L8: 2147483648 (เกิน Integer)
A9: TC-BVR-R01 | B9: 50 (nom) | C9: 10 (nom) | D9: ผ่าน validation | E9: =IFERROR(INDEX('Test Case Design & Test Results'!$F$10:$F$189,MATCH(A9,'Test Case Design & Test Results'!$B$10:$B$189,0))&"","") -> ผ่าน validation | F9: =IFERROR(INDEX('Test Case Design & Test Results'!$G$10:$G$189,MATCH(A9,'Test Case Design & Test Results'!$B$10:$B$189,0)),"") -> Pass | J9: ช่วงที่ถูกต้อง | K9: [1, 100] | L9: [1, 2147483647]
A10: TC-BVR-R02 | B10: 1 (min) | C10: 10 (nom) | D10: ผ่าน validation | E10: =IFERROR(INDEX('Test Case Design & Test Results'!$F$10:$F$189,MATCH(A10,'Test Case Design & Test Results'!$B$10:$B$189,0))&"","") -> ผ่าน validation | F10: =IFERROR(INDEX('Test Case Design & Test Results'!$G$10:$G$189,MATCH(A10,'Test Case Design & Test Results'!$B$10:$B$189,0)),"") -> Pass
A11: TC-BVR-R03 | B11: 2 (min+) | C11: 10 (nom) | D11: ผ่าน validation | E11: =IFERROR(INDEX('Test Case Design & Test Results'!$F$10:$F$189,MATCH(A11,'Test Case Design & Test Results'!$B$10:$B$189,0))&"","") -> ผ่าน validation | F11: =IFERROR(INDEX('Test Case Design & Test Results'!$G$10:$G$189,MATCH(A11,'Test Case Design & Test Results'!$B$10:$B$189,0)),"") -> Pass
A12: TC-BVR-R04 | B12: 99 (max-) | C12: 10 (nom) | D12: ผ่าน validation | E12: =IFERROR(INDEX('Test Case Design & Test Results'!$F$10:$F$189,MATCH(A12,'Test Case Design & Test Results'!$B$10:$B$189,0))&"","") -> ผ่าน validation | F12: =IFERROR(INDEX('Test Case Design & Test Results'!$G$10:$G$189,MATCH(A12,'Test Case Design & Test Results'!$B$10:$B$189,0)),"") -> Pass
A13: TC-BVR-R05 | B13: 100 (max) | C13: 10 (nom) | D13: ผ่าน validation | E13: =IFERROR(INDEX('Test Case Design & Test Results'!$F$10:$F$189,MATCH(A13,'Test Case Design & Test Results'!$B$10:$B$189,0))&"","") -> ผ่าน validation | F13: =IFERROR(INDEX('Test Case Design & Test Results'!$G$10:$G$189,MATCH(A13,'Test Case Design & Test Results'!$B$10:$B$189,0)),"") -> Pass
A14: TC-BVR-R06 | B14: 50 (nom) | C14: 1 (min) | D14: ผ่าน validation | E14: =IFERROR(INDEX('Test Case Design & Test Results'!$F$10:$F$189,MATCH(A14,'Test Case Design & Test Results'!$B$10:$B$189,0))&"","") -> ผ่าน validation | F14: =IFERROR(INDEX('Test Case Design & Test Results'!$G$10:$G$189,MATCH(A14,'Test Case Design & Test Results'!$B$10:$B$189,0)),"") -> Pass
A15: TC-BVR-R07 | B15: 50 (nom) | C15: 2 (min+) | D15: ผ่าน validation | E15: =IFERROR(INDEX('Test Case Design & Test Results'!$F$10:$F$189,MATCH(A15,'Test Case Design & Test Results'!$B$10:$B$189,0))&"","") -> ผ่าน validation | F15: =IFERROR(INDEX('Test Case Design & Test Results'!$G$10:$G$189,MATCH(A15,'Test Case Design & Test Results'!$B$10:$B$189,0)),"") -> Pass
A16: TC-BVR-R08 | B16: 50 (nom) | C16: 2147483646 (max-) | D16: ผ่าน validation | E16: =IFERROR(INDEX('Test Case Design & Test Results'!$F$10:$F$189,MATCH(A16,'Test Case Design & Test Results'!$B$10:$B$189,0))&"","") -> ผ่าน validation | F16: =IFERROR(INDEX('Test Case Design & Test Results'!$G$10:$G$189,MATCH(A16,'Test Case Design & Test Results'!$B$10:$B$189,0)),"") -> Pass
A17: TC-BVR-R09 | B17: 50 (nom) | C17: 2147483647 (max) | D17: ผ่าน validation | E17: =IFERROR(INDEX('Test Case Design & Test Results'!$F$10:$F$189,MATCH(A17,'Test Case Design & Test Results'!$B$10:$B$189,0))&"","") -> ผ่าน validation | F17: =IFERROR(INDEX('Test Case Design & Test Results'!$G$10:$G$189,MATCH(A17,'Test Case Design & Test Results'!$B$10:$B$189,0)),"") -> Pass
A18: TC-BVR-R10 | B18: 0 (min-) | C18: 10 (nom) | D18: ไม่ผ่าน validation | E18: =IFERROR(INDEX('Test Case Design & Test Results'!$F$10:$F$189,MATCH(A18,'Test Case Design & Test Results'!$B$10:$B$189,0))&"","") -> ไม่ผ่าน validation (name) | F18: =IFERROR(INDEX('Test Case Design & Test Results'!$G$10:$G$189,MATCH(A18,'Test Case Design & Test Results'!$B$10:$B$189,0)),"") -> Pass
A19: TC-BVR-R11 | B19: 101 (max+) | C19: 10 (nom) | D19: ไม่ผ่าน validation | E19: =IFERROR(INDEX('Test Case Design & Test Results'!$F$10:$F$189,MATCH(A19,'Test Case Design & Test Results'!$B$10:$B$189,0))&"","") -> ไม่ผ่าน validation (name) | F19: =IFERROR(INDEX('Test Case Design & Test Results'!$G$10:$G$189,MATCH(A19,'Test Case Design & Test Results'!$B$10:$B$189,0)),"") -> Pass
A20: TC-BVR-R12 | B20: 50 (nom) | C20: 0 (min-) | D20: ไม่ผ่าน validation | E20: =IFERROR(INDEX('Test Case Design & Test Results'!$F$10:$F$189,MATCH(A20,'Test Case Design & Test Results'!$B$10:$B$189,0))&"","") -> ไม่ผ่าน validation (capacity) | F20: =IFERROR(INDEX('Test Case Design & Test Results'!$G$10:$G$189,MATCH(A20,'Test Case Design & Test Results'!$B$10:$B$189,0)),"") -> Pass

Sheet WorstCase_Room
A1: Test Case Design and Test Results | J1: ค่า | K1: name (ความยาว) | L1: capacity
J2: min- | K2: 0 | L2: 0
A3: Project Name: | B3: Room - RoomCreateRequest | E3: Student ID: | F3: 673380572-9 | J3: min | K3: 1 | L3: 1
A4: Test Strategy: | B4: Functional testing - Worst-case Testing | E4: Designer: | F4: กฤติธี ศรีใสย์ | J4: min+ | K4: 2 | L4: 2
A5: Test Environtment: | B5: Java 17, Spring Boot 4.1, JUnit 5, Mockito, Maven Surefire 3.5.6, Windows 11 | E5: Date: | F5: 9/10/2569 | J5: nom | K5: 50 | L5: 10
J6: max- | K6: 99 | L6: 2147483646
A7: Test Case ID | B7: Input | D7: Expected Result | E7: Actual Result | F7: Status (Pass/Fail/No run) | J7: max | K7: 100 | L7: 2147483647
B8: name (ความยาว) | C8: capacity | J8: max+ | K8: 101 | L8: 2147483648 (เกิน Integer)
A9: TC-BVR-W01 | B9: 1 (min) | C9: 1 (min) | D9: ผ่าน validation | E9: =IFERROR(INDEX('Test Case Design & Test Results'!$F$10:$F$189,MATCH(A9,'Test Case Design & Test Results'!$B$10:$B$189,0))&"","") -> ผ่าน validation | F9: =IFERROR(INDEX('Test Case Design & Test Results'!$G$10:$G$189,MATCH(A9,'Test Case Design & Test Results'!$B$10:$B$189,0)),"") -> Pass | J9: ช่วงที่ถูกต้อง | K9: [1, 100] | L9: [1, 2147483647]
A10: TC-BVR-W02 | B10: 1 (min) | C10: 2 (min+) | D10: ผ่าน validation | E10: =IFERROR(INDEX('Test Case Design & Test Results'!$F$10:$F$189,MATCH(A10,'Test Case Design & Test Results'!$B$10:$B$189,0))&"","") -> ผ่าน validation | F10: =IFERROR(INDEX('Test Case Design & Test Results'!$G$10:$G$189,MATCH(A10,'Test Case Design & Test Results'!$B$10:$B$189,0)),"") -> Pass
A11: TC-BVR-W03 | B11: 1 (min) | C11: 10 (nom) | D11: ผ่าน validation | E11: =IFERROR(INDEX('Test Case Design & Test Results'!$F$10:$F$189,MATCH(A11,'Test Case Design & Test Results'!$B$10:$B$189,0))&"","") -> ผ่าน validation | F11: =IFERROR(INDEX('Test Case Design & Test Results'!$G$10:$G$189,MATCH(A11,'Test Case Design & Test Results'!$B$10:$B$189,0)),"") -> Pass
A12: TC-BVR-W04 | B12: 1 (min) | C12: 2147483646 (max-) | D12: ผ่าน validation | E12: =IFERROR(INDEX('Test Case Design & Test Results'!$F$10:$F$189,MATCH(A12,'Test Case Design & Test Results'!$B$10:$B$189,0))&"","") -> ผ่าน validation | F12: =IFERROR(INDEX('Test Case Design & Test Results'!$G$10:$G$189,MATCH(A12,'Test Case Design & Test Results'!$B$10:$B$189,0)),"") -> Pass
A13: TC-BVR-W05 | B13: 1 (min) | C13: 2147483647 (max) | D13: ผ่าน validation | E13: =IFERROR(INDEX('Test Case Design & Test Results'!$F$10:$F$189,MATCH(A13,'Test Case Design & Test Results'!$B$10:$B$189,0))&"","") -> ผ่าน validation | F13: =IFERROR(INDEX('Test Case Design & Test Results'!$G$10:$G$189,MATCH(A13,'Test Case Design & Test Results'!$B$10:$B$189,0)),"") -> Pass
A14: TC-BVR-W06 | B14: 2 (min+) | C14: 1 (min) | D14: ผ่าน validation | E14: =IFERROR(INDEX('Test Case Design & Test Results'!$F$10:$F$189,MATCH(A14,'Test Case Design & Test Results'!$B$10:$B$189,0))&"","") -> ผ่าน validation | F14: =IFERROR(INDEX('Test Case Design & Test Results'!$G$10:$G$189,MATCH(A14,'Test Case Design & Test Results'!$B$10:$B$189,0)),"") -> Pass
A15: TC-BVR-W07 | B15: 2 (min+) | C15: 2 (min+) | D15: ผ่าน validation | E15: =IFERROR(INDEX('Test Case Design & Test Results'!$F$10:$F$189,MATCH(A15,'Test Case Design & Test Results'!$B$10:$B$189,0))&"","") -> ผ่าน validation | F15: =IFERROR(INDEX('Test Case Design & Test Results'!$G$10:$G$189,MATCH(A15,'Test Case Design & Test Results'!$B$10:$B$189,0)),"") -> Pass
A16: TC-BVR-W08 | B16: 2 (min+) | C16: 10 (nom) | D16: ผ่าน validation | E16: =IFERROR(INDEX('Test Case Design & Test Results'!$F$10:$F$189,MATCH(A16,'Test Case Design & Test Results'!$B$10:$B$189,0))&"","") -> ผ่าน validation | F16: =IFERROR(INDEX('Test Case Design & Test Results'!$G$10:$G$189,MATCH(A16,'Test Case Design & Test Results'!$B$10:$B$189,0)),"") -> Pass
A17: TC-BVR-W09 | B17: 2 (min+) | C17: 2147483646 (max-) | D17: ผ่าน validation | E17: =IFERROR(INDEX('Test Case Design & Test Results'!$F$10:$F$189,MATCH(A17,'Test Case Design & Test Results'!$B$10:$B$189,0))&"","") -> ผ่าน validation | F17: =IFERROR(INDEX('Test Case Design & Test Results'!$G$10:$G$189,MATCH(A17,'Test Case Design & Test Results'!$B$10:$B$189,0)),"") -> Pass
A18: TC-BVR-W10 | B18: 2 (min+) | C18: 2147483647 (max) | D18: ผ่าน validation | E18: =IFERROR(INDEX('Test Case Design & Test Results'!$F$10:$F$189,MATCH(A18,'Test Case Design & Test Results'!$B$10:$B$189,0))&"","") -> ผ่าน validation | F18: =IFERROR(INDEX('Test Case Design & Test Results'!$G$10:$G$189,MATCH(A18,'Test Case Design & Test Results'!$B$10:$B$189,0)),"") -> Pass
A19: TC-BVR-W11 | B19: 50 (nom) | C19: 1 (min) | D19: ผ่าน validation | E19: =IFERROR(INDEX('Test Case Design & Test Results'!$F$10:$F$189,MATCH(A19,'Test Case Design & Test Results'!$B$10:$B$189,0))&"","") -> ผ่าน validation | F19: =IFERROR(INDEX('Test Case Design & Test Results'!$G$10:$G$189,MATCH(A19,'Test Case Design & Test Results'!$B$10:$B$189,0)),"") -> Pass
A20: TC-BVR-W12 | B20: 50 (nom) | C20: 2 (min+) | D20: ผ่าน validation | E20: =IFERROR(INDEX('Test Case Design & Test Results'!$F$10:$F$189,MATCH(A20,'Test Case Design & Test Results'!$B$10:$B$189,0))&"","") -> ผ่าน validation | F20: =IFERROR(INDEX('Test Case Design & Test Results'!$G$10:$G$189,MATCH(A20,'Test Case Design & Test Results'!$B$10:$B$189,0)),"") -> Pass
A21: TC-BVR-W13 | B21: 50 (nom) | C21: 10 (nom) | D21: ผ่าน validation | E21: =IFERROR(INDEX('Test Case Design & Test Results'!$F$10:$F$189,MATCH(A21,'Test Case Design & Test Results'!$B$10:$B$189,0))&"","") -> ผ่าน validation | F21: =IFERROR(INDEX('Test Case Design & Test Results'!$G$10:$G$189,MATCH(A21,'Test Case Design & Test Results'!$B$10:$B$189,0)),"") -> Pass
... A33: TC-BVR-W25 | B33: 100 (max) | C33: 2147483647 (max) | D33: ผ่าน validation | E33: =IFERROR(INDEX('Test Case Design & Test Results'!$F$10:$F$189,MATCH(A33,'Test Case Design & Test Results'!$B$10:$B$189,0))&"","") -> ผ่าน validation | F33: =IFERROR(INDEX('Test Case Design & Test Results'!$G$10:$G$189,MATCH(A33,'Test Case Design & Test Results'!$B$10:$B$189,0)),"") -> Pass

Sheet RobustWorst_Room
A1: Test Case Design and Test Results | J1: ค่า | K1: name (ความยาว) | L1: capacity
J2: min- | K2: 0 | L2: 0
A3: Project Name: | B3: Room - RoomCreateRequest | E3: Student ID: | F3: 673380572-9 | J3: min | K3: 1 | L3: 1
A4: Test Strategy: | B4: Functional testing - Robust Worst-case Testing | E4: Designer: | F4: กฤติธี ศรีใสย์ | J4: min+ | K4: 2 | L4: 2
A5: Test Environtment: | B5: Java 17, Spring Boot 4.1, JUnit 5, Mockito, Maven Surefire 3.5.6, Windows 11 | E5: Date: | F5: 9/10/2569 | J5: nom | K5: 50 | L5: 10
J6: max- | K6: 99 | L6: 2147483646
A7: Test Case ID | B7: Input | D7: Expected Result | E7: Actual Result | F7: Status (Pass/Fail/No run) | J7: max | K7: 100 | L7: 2147483647
B8: name (ความยาว) | C8: capacity | J8: max+ | K8: 101 | L8: 2147483648 (เกิน Integer)
A9: TC-BVR-RW01 | B9: 0 (min-) | C9: 0 (min-) | D9: ไม่ผ่าน validation | E9: =IFERROR(INDEX('Test Case Design & Test Results'!$F$10:$F$189,MATCH(A9,'Test Case Design & Test Results'!$B$10:$B$189,0))&"","") -> ไม่ผ่าน validation (name) | F9: =IFERROR(INDEX('Test Case Design & Test Results'!$G$10:$G$189,MATCH(A9,'Test Case Design & Test Results'!$B$10:$B$189,0)),"") -> Pass | J9: ช่วงที่ถูกต้อง | K9: [1, 100] | L9: [1, 2147483647]
A10: TC-BVR-RW02 | B10: 0 (min-) | C10: 1 (min) | D10: ไม่ผ่าน validation | E10: =IFERROR(INDEX('Test Case Design & Test Results'!$F$10:$F$189,MATCH(A10,'Test Case Design & Test Results'!$B$10:$B$189,0))&"","") -> ไม่ผ่าน validation (name) | F10: =IFERROR(INDEX('Test Case Design & Test Results'!$G$10:$G$189,MATCH(A10,'Test Case Design & Test Results'!$B$10:$B$189,0)),"") -> Pass
A11: TC-BVR-RW03 | B11: 0 (min-) | C11: 2 (min+) | D11: ไม่ผ่าน validation | E11: =IFERROR(INDEX('Test Case Design & Test Results'!$F$10:$F$189,MATCH(A11,'Test Case Design & Test Results'!$B$10:$B$189,0))&"","") -> ไม่ผ่าน validation (name) | F11: =IFERROR(INDEX('Test Case Design & Test Results'!$G$10:$G$189,MATCH(A11,'Test Case Design & Test Results'!$B$10:$B$189,0)),"") -> Pass
A12: TC-BVR-RW04 | B12: 0 (min-) | C12: 10 (nom) | D12: ไม่ผ่าน validation | E12: =IFERROR(INDEX('Test Case Design & Test Results'!$F$10:$F$189,MATCH(A12,'Test Case Design & Test Results'!$B$10:$B$189,0))&"","") -> ไม่ผ่าน validation (name) | F12: =IFERROR(INDEX('Test Case Design & Test Results'!$G$10:$G$189,MATCH(A12,'Test Case Design & Test Results'!$B$10:$B$189,0)),"") -> Pass
A13: TC-BVR-RW05 | B13: 0 (min-) | C13: 2147483646 (max-) | D13: ไม่ผ่าน validation | E13: =IFERROR(INDEX('Test Case Design & Test Results'!$F$10:$F$189,MATCH(A13,'Test Case Design & Test Results'!$B$10:$B$189,0))&"","") -> ไม่ผ่าน validation (name) | F13: =IFERROR(INDEX('Test Case Design & Test Results'!$G$10:$G$189,MATCH(A13,'Test Case Design & Test Results'!$B$10:$B$189,0)),"") -> Pass
A14: TC-BVR-RW06 | B14: 0 (min-) | C14: 2147483647 (max) | D14: ไม่ผ่าน validation | E14: =IFERROR(INDEX('Test Case Design & Test Results'!$F$10:$F$189,MATCH(A14,'Test Case Design & Test Results'!$B$10:$B$189,0))&"","") -> ไม่ผ่าน validation (name) | F14: =IFERROR(INDEX('Test Case Design & Test Results'!$G$10:$G$189,MATCH(A14,'Test Case Design & Test Results'!$B$10:$B$189,0)),"") -> Pass
A15: TC-BVR-RW07 | B15: 1 (min) | C15: 0 (min-) | D15: ไม่ผ่าน validation | E15: =IFERROR(INDEX('Test Case Design & Test Results'!$F$10:$F$189,MATCH(A15,'Test Case Design & Test Results'!$B$10:$B$189,0))&"","") -> ไม่ผ่าน validation (capacity) | F15: =IFERROR(INDEX('Test Case Design & Test Results'!$G$10:$G$189,MATCH(A15,'Test Case Design & Test Results'!$B$10:$B$189,0)),"") -> Pass
A16: TC-BVR-RW08 | B16: 1 (min) | C16: 1 (min) | D16: ผ่าน validation | E16: =IFERROR(INDEX('Test Case Design & Test Results'!$F$10:$F$189,MATCH(A16,'Test Case Design & Test Results'!$B$10:$B$189,0))&"","") -> ผ่าน validation | F16: =IFERROR(INDEX('Test Case Design & Test Results'!$G$10:$G$189,MATCH(A16,'Test Case Design & Test Results'!$B$10:$B$189,0)),"") -> Pass
A17: TC-BVR-RW09 | B17: 1 (min) | C17: 2 (min+) | D17: ผ่าน validation | E17: =IFERROR(INDEX('Test Case Design & Test Results'!$F$10:$F$189,MATCH(A17,'Test Case Design & Test Results'!$B$10:$B$189,0))&"","") -> ผ่าน validation | F17: =IFERROR(INDEX('Test Case Design & Test Results'!$G$10:$G$189,MATCH(A17,'Test Case Design & Test Results'!$B$10:$B$189,0)),"") -> Pass
A18: TC-BVR-RW10 | B18: 1 (min) | C18: 10 (nom) | D18: ผ่าน validation | E18: =IFERROR(INDEX('Test Case Design & Test Results'!$F$10:$F$189,MATCH(A18,'Test Case Design & Test Results'!$B$10:$B$189,0))&"","") -> ผ่าน validation | F18: =IFERROR(INDEX('Test Case Design & Test Results'!$G$10:$G$189,MATCH(A18,'Test Case Design & Test Results'!$B$10:$B$189,0)),"") -> Pass
A19: TC-BVR-RW11 | B19: 1 (min) | C19: 2147483646 (max-) | D19: ผ่าน validation | E19: =IFERROR(INDEX('Test Case Design & Test Results'!$F$10:$F$189,MATCH(A19,'Test Case Design & Test Results'!$B$10:$B$189,0))&"","") -> ผ่าน validation | F19: =IFERROR(INDEX('Test Case Design & Test Results'!$G$10:$G$189,MATCH(A19,'Test Case Design & Test Results'!$B$10:$B$189,0)),"") -> Pass
A20: TC-BVR-RW12 | B20: 1 (min) | C20: 2147483647 (max) | D20: ผ่าน validation | E20: =IFERROR(INDEX('Test Case Design & Test Results'!$F$10:$F$189,MATCH(A20,'Test Case Design & Test Results'!$B$10:$B$189,0))&"","") -> ผ่าน validation | F20: =IFERROR(INDEX('Test Case Design & Test Results'!$G$10:$G$189,MATCH(A20,'Test Case Design & Test Results'!$B$10:$B$189,0)),"") -> Pass
A21: TC-BVR-RW13 | B21: 2 (min+) | C21: 0 (min-) | D21: ไม่ผ่าน validation | E21: =IFERROR(INDEX('Test Case Design & Test Results'!$F$10:$F$189,MATCH(A21,'Test Case Design & Test Results'!$B$10:$B$189,0))&"","") -> ไม่ผ่าน validation (capacity) | F21: =IFERROR(INDEX('Test Case Design & Test Results'!$G$10:$G$189,MATCH(A21,'Test Case Design & Test Results'!$B$10:$B$189,0)),"") -> Pass
... A50: TC-BVR-RW42 | B50: 101 (max+) | C50: 2147483647 (max) | D50: ไม่ผ่าน validation | E50: =IFERROR(INDEX('Test Case Design & Test Results'!$F$10:$F$189,MATCH(A50,'Test Case Design & Test Results'!$B$10:$B$189,0))&"","") -> ไม่ผ่าน validation (name) | F50: =IFERROR(INDEX('Test Case Design & Test Results'!$G$10:$G$189,MATCH(A50,'Test Case Design & Test Results'!$B$10:$B$189,0)),"") -> Pass

Sheet Normal_Equipment
A1: Test Case Design and Test Results | J1: ค่า | K1: name (ความยาว) | L1: totalQuantity
J2: min- | K2: 0 | L2: -1
A3: Project Name: | B3: Equipment - EquipmentCreateRequest | E3: Student ID: | F3: 673380572-9 | J3: min | K3: 1 | L3: 0
A4: Test Strategy: | B4: Functional testing - Normal Boundary Value Testing | E4: Designer: | F4: กฤติธี ศรีใสย์ | J4: min+ | K4: 2 | L4: 1
A5: Test Environtment: | B5: Java 17, Spring Boot 4.1, JUnit 5, Mockito, Maven Surefire 3.5.6, Windows 11 | E5: Date: | F5: 9/10/2569 | J5: nom | K5: 50 | L5: 5
J6: max- | K6: 99 | L6: 2147483646
A7: Test Case ID | B7: Input | D7: Expected Result | E7: Actual Result | F7: Status (Pass/Fail/No run) | J7: max | K7: 100 | L7: 2147483647
B8: name (ความยาว) | C8: totalQuantity | J8: max+ | K8: 101 | L8: 2147483648 (เกิน Integer)
A9: TC-BVE-N01 | B9: 50 (nom) | C9: 5 (nom) | D9: ผ่าน validation | E9: =IFERROR(INDEX('Test Case Design & Test Results'!$F$10:$F$189,MATCH(A9,'Test Case Design & Test Results'!$B$10:$B$189,0))&"","") -> ผ่าน validation | F9: =IFERROR(INDEX('Test Case Design & Test Results'!$G$10:$G$189,MATCH(A9,'Test Case Design & Test Results'!$B$10:$B$189,0)),"") -> Pass | J9: ช่วงที่ถูกต้อง | K9: [1, 100] | L9: [0, 2147483647]
A10: TC-BVE-N02 | B10: 1 (min) | C10: 5 (nom) | D10: ผ่าน validation | E10: =IFERROR(INDEX('Test Case Design & Test Results'!$F$10:$F$189,MATCH(A10,'Test Case Design & Test Results'!$B$10:$B$189,0))&"","") -> ผ่าน validation | F10: =IFERROR(INDEX('Test Case Design & Test Results'!$G$10:$G$189,MATCH(A10,'Test Case Design & Test Results'!$B$10:$B$189,0)),"") -> Pass
A11: TC-BVE-N03 | B11: 2 (min+) | C11: 5 (nom) | D11: ผ่าน validation | E11: =IFERROR(INDEX('Test Case Design & Test Results'!$F$10:$F$189,MATCH(A11,'Test Case Design & Test Results'!$B$10:$B$189,0))&"","") -> ผ่าน validation | F11: =IFERROR(INDEX('Test Case Design & Test Results'!$G$10:$G$189,MATCH(A11,'Test Case Design & Test Results'!$B$10:$B$189,0)),"") -> Pass
A12: TC-BVE-N04 | B12: 99 (max-) | C12: 5 (nom) | D12: ผ่าน validation | E12: =IFERROR(INDEX('Test Case Design & Test Results'!$F$10:$F$189,MATCH(A12,'Test Case Design & Test Results'!$B$10:$B$189,0))&"","") -> ผ่าน validation | F12: =IFERROR(INDEX('Test Case Design & Test Results'!$G$10:$G$189,MATCH(A12,'Test Case Design & Test Results'!$B$10:$B$189,0)),"") -> Pass
A13: TC-BVE-N05 | B13: 100 (max) | C13: 5 (nom) | D13: ผ่าน validation | E13: =IFERROR(INDEX('Test Case Design & Test Results'!$F$10:$F$189,MATCH(A13,'Test Case Design & Test Results'!$B$10:$B$189,0))&"","") -> ผ่าน validation | F13: =IFERROR(INDEX('Test Case Design & Test Results'!$G$10:$G$189,MATCH(A13,'Test Case Design & Test Results'!$B$10:$B$189,0)),"") -> Pass
A14: TC-BVE-N06 | B14: 50 (nom) | C14: 0 (min) | D14: ผ่าน validation | E14: =IFERROR(INDEX('Test Case Design & Test Results'!$F$10:$F$189,MATCH(A14,'Test Case Design & Test Results'!$B$10:$B$189,0))&"","") -> ผ่าน validation | F14: =IFERROR(INDEX('Test Case Design & Test Results'!$G$10:$G$189,MATCH(A14,'Test Case Design & Test Results'!$B$10:$B$189,0)),"") -> Pass
A15: TC-BVE-N07 | B15: 50 (nom) | C15: 1 (min+) | D15: ผ่าน validation | E15: =IFERROR(INDEX('Test Case Design & Test Results'!$F$10:$F$189,MATCH(A15,'Test Case Design & Test Results'!$B$10:$B$189,0))&"","") -> ผ่าน validation | F15: =IFERROR(INDEX('Test Case Design & Test Results'!$G$10:$G$189,MATCH(A15,'Test Case Design & Test Results'!$B$10:$B$189,0)),"") -> Pass
A16: TC-BVE-N08 | B16: 50 (nom) | C16: 2147483646 (max-) | D16: ผ่าน validation | E16: =IFERROR(INDEX('Test Case Design & Test Results'!$F$10:$F$189,MATCH(A16,'Test Case Design & Test Results'!$B$10:$B$189,0))&"","") -> ผ่าน validation | F16: =IFERROR(INDEX('Test Case Design & Test Results'!$G$10:$G$189,MATCH(A16,'Test Case Design & Test Results'!$B$10:$B$189,0)),"") -> Pass
A17: TC-BVE-N09 | B17: 50 (nom) | C17: 2147483647 (max) | D17: ผ่าน validation | E17: =IFERROR(INDEX('Test Case Design & Test Results'!$F$10:$F$189,MATCH(A17,'Test Case Design & Test Results'!$B$10:$B$189,0))&"","") -> ผ่าน validation | F17: =IFERROR(INDEX('Test Case Design & Test Results'!$G$10:$G$189,MATCH(A17,'Test Case Design & Test Results'!$B$10:$B$189,0)),"") -> Pass

Sheet Robustness_Equipment
A1: Test Case Design and Test Results | J1: ค่า | K1: name (ความยาว) | L1: totalQuantity
J2: min- | K2: 0 | L2: -1
A3: Project Name: | B3: Equipment - EquipmentCreateRequest | E3: Student ID: | F3: 673380572-9 | J3: min | K3: 1 | L3: 0
A4: Test Strategy: | B4: Functional testing - Robustness Testing | E4: Designer: | F4: กฤติธี ศรีใสย์ | J4: min+ | K4: 2 | L4: 1
A5: Test Environtment: | B5: Java 17, Spring Boot 4.1, JUnit 5, Mockito, Maven Surefire 3.5.6, Windows 11 | E5: Date: | F5: 9/10/2569 | J5: nom | K5: 50 | L5: 5
J6: max- | K6: 99 | L6: 2147483646
A7: Test Case ID | B7: Input | D7: Expected Result | E7: Actual Result | F7: Status (Pass/Fail/No run) | J7: max | K7: 100 | L7: 2147483647
B8: name (ความยาว) | C8: totalQuantity | J8: max+ | K8: 101 | L8: 2147483648 (เกิน Integer)
A9: TC-BVE-R01 | B9: 50 (nom) | C9: 5 (nom) | D9: ผ่าน validation | E9: =IFERROR(INDEX('Test Case Design & Test Results'!$F$10:$F$189,MATCH(A9,'Test Case Design & Test Results'!$B$10:$B$189,0))&"","") -> ผ่าน validation | F9: =IFERROR(INDEX('Test Case Design & Test Results'!$G$10:$G$189,MATCH(A9,'Test Case Design & Test Results'!$B$10:$B$189,0)),"") -> Pass | J9: ช่วงที่ถูกต้อง | K9: [1, 100] | L9: [0, 2147483647]
A10: TC-BVE-R02 | B10: 1 (min) | C10: 5 (nom) | D10: ผ่าน validation | E10: =IFERROR(INDEX('Test Case Design & Test Results'!$F$10:$F$189,MATCH(A10,'Test Case Design & Test Results'!$B$10:$B$189,0))&"","") -> ผ่าน validation | F10: =IFERROR(INDEX('Test Case Design & Test Results'!$G$10:$G$189,MATCH(A10,'Test Case Design & Test Results'!$B$10:$B$189,0)),"") -> Pass
A11: TC-BVE-R03 | B11: 2 (min+) | C11: 5 (nom) | D11: ผ่าน validation | E11: =IFERROR(INDEX('Test Case Design & Test Results'!$F$10:$F$189,MATCH(A11,'Test Case Design & Test Results'!$B$10:$B$189,0))&"","") -> ผ่าน validation | F11: =IFERROR(INDEX('Test Case Design & Test Results'!$G$10:$G$189,MATCH(A11,'Test Case Design & Test Results'!$B$10:$B$189,0)),"") -> Pass
A12: TC-BVE-R04 | B12: 99 (max-) | C12: 5 (nom) | D12: ผ่าน validation | E12: =IFERROR(INDEX('Test Case Design & Test Results'!$F$10:$F$189,MATCH(A12,'Test Case Design & Test Results'!$B$10:$B$189,0))&"","") -> ผ่าน validation | F12: =IFERROR(INDEX('Test Case Design & Test Results'!$G$10:$G$189,MATCH(A12,'Test Case Design & Test Results'!$B$10:$B$189,0)),"") -> Pass
A13: TC-BVE-R05 | B13: 100 (max) | C13: 5 (nom) | D13: ผ่าน validation | E13: =IFERROR(INDEX('Test Case Design & Test Results'!$F$10:$F$189,MATCH(A13,'Test Case Design & Test Results'!$B$10:$B$189,0))&"","") -> ผ่าน validation | F13: =IFERROR(INDEX('Test Case Design & Test Results'!$G$10:$G$189,MATCH(A13,'Test Case Design & Test Results'!$B$10:$B$189,0)),"") -> Pass
A14: TC-BVE-R06 | B14: 50 (nom) | C14: 0 (min) | D14: ผ่าน validation | E14: =IFERROR(INDEX('Test Case Design & Test Results'!$F$10:$F$189,MATCH(A14,'Test Case Design & Test Results'!$B$10:$B$189,0))&"","") -> ผ่าน validation | F14: =IFERROR(INDEX('Test Case Design & Test Results'!$G$10:$G$189,MATCH(A14,'Test Case Design & Test Results'!$B$10:$B$189,0)),"") -> Pass
A15: TC-BVE-R07 | B15: 50 (nom) | C15: 1 (min+) | D15: ผ่าน validation | E15: =IFERROR(INDEX('Test Case Design & Test Results'!$F$10:$F$189,MATCH(A15,'Test Case Design & Test Results'!$B$10:$B$189,0))&"","") -> ผ่าน validation | F15: =IFERROR(INDEX('Test Case Design & Test Results'!$G$10:$G$189,MATCH(A15,'Test Case Design & Test Results'!$B$10:$B$189,0)),"") -> Pass
A16: TC-BVE-R08 | B16: 50 (nom) | C16: 2147483646 (max-) | D16: ผ่าน validation | E16: =IFERROR(INDEX('Test Case Design & Test Results'!$F$10:$F$189,MATCH(A16,'Test Case Design & Test Results'!$B$10:$B$189,0))&"","") -> ผ่าน validation | F16: =IFERROR(INDEX('Test Case Design & Test Results'!$G$10:$G$189,MATCH(A16,'Test Case Design & Test Results'!$B$10:$B$189,0)),"") -> Pass
A17: TC-BVE-R09 | B17: 50 (nom) | C17: 2147483647 (max) | D17: ผ่าน validation | E17: =IFERROR(INDEX('Test Case Design & Test Results'!$F$10:$F$189,MATCH(A17,'Test Case Design & Test Results'!$B$10:$B$189,0))&"","") -> ผ่าน validation | F17: =IFERROR(INDEX('Test Case Design & Test Results'!$G$10:$G$189,MATCH(A17,'Test Case Design & Test Results'!$B$10:$B$189,0)),"") -> Pass
A18: TC-BVE-R10 | B18: 0 (min-) | C18: 5 (nom) | D18: ไม่ผ่าน validation | E18: =IFERROR(INDEX('Test Case Design & Test Results'!$F$10:$F$189,MATCH(A18,'Test Case Design & Test Results'!$B$10:$B$189,0))&"","") -> ไม่ผ่าน validation (name) | F18: =IFERROR(INDEX('Test Case Design & Test Results'!$G$10:$G$189,MATCH(A18,'Test Case Design & Test Results'!$B$10:$B$189,0)),"") -> Pass
A19: TC-BVE-R11 | B19: 101 (max+) | C19: 5 (nom) | D19: ไม่ผ่าน validation | E19: =IFERROR(INDEX('Test Case Design & Test Results'!$F$10:$F$189,MATCH(A19,'Test Case Design & Test Results'!$B$10:$B$189,0))&"","") -> ไม่ผ่าน validation (name) | F19: =IFERROR(INDEX('Test Case Design & Test Results'!$G$10:$G$189,MATCH(A19,'Test Case Design & Test Results'!$B$10:$B$189,0)),"") -> Pass
A20: TC-BVE-R12 | B20: 50 (nom) | C20: -1 (min-) | D20: ไม่ผ่าน validation | E20: =IFERROR(INDEX('Test Case Design & Test Results'!$F$10:$F$189,MATCH(A20,'Test Case Design & Test Results'!$B$10:$B$189,0))&"","") -> ไม่ผ่าน validation (totalQuantity) | F20: =IFERROR(INDEX('Test Case Design & Test Results'!$G$10:$G$189,MATCH(A20,'Test Case Design & Test Results'!$B$10:$B$189,0)),"") -> Pass

Sheet EC Summary
A2: Project | B2: No. of Test Cases | C2: Pass | D2: Fail | E2: No run | F2: Block | G2: Remark / Defect ID
A3: Room - RoomCreateRequest | B3: =COUNTIF('Test Case Design & Test Results'!$B$10:$B$189,"TC-ECR-???") -> 15 | C3: =COUNTIFS('Test Case Design & Test Results'!$B$10:$B$189,"TC-ECR-???",'Test Case Design & Test Results'!$G$10:$G$189,"Pass") -> 15 | D3: =COUNTIFS('Test Case Design & Test Results'!$B$10:$B$189,"TC-ECR-???",'Test Case Design & Test Results'!$G$10:$G$189,"Fail") -> 0 | E3: =COUNTIFS('Test Case Design & Test Results'!$B$10:$B$189,"TC-ECR-???",'Test Case Design & Test Results'!$G$10:$G$189,"No run") -> 0 | F3: =COUNTIFS('Test Case Design & Test Results'!$B$10:$B$189,"TC-ECR-???",'Test Case Design & Test Results'!$G$10:$G$189,"Block") -> 0
A4: Equipment - EquipmentCreateRequest | B4: =COUNTIF('Test Case Design & Test Results'!$B$10:$B$189,"TC-ECE-???") -> 10 | C4: =COUNTIFS('Test Case Design & Test Results'!$B$10:$B$189,"TC-ECE-???",'Test Case Design & Test Results'!$G$10:$G$189,"Pass") -> 10 | D4: =COUNTIFS('Test Case Design & Test Results'!$B$10:$B$189,"TC-ECE-???",'Test Case Design & Test Results'!$G$10:$G$189,"Fail") -> 0 | E4: =COUNTIFS('Test Case Design & Test Results'!$B$10:$B$189,"TC-ECE-???",'Test Case Design & Test Results'!$G$10:$G$189,"No run") -> 0 | F4: =COUNTIFS('Test Case Design & Test Results'!$B$10:$B$189,"TC-ECE-???",'Test Case Design & Test Results'!$G$10:$G$189,"Block") -> 0
A5: Total | B5: =SUM(B3:B4) -> 25 | C5: =SUM(C3:C4) -> 25 | D5: =SUM(D3:D4) -> 0 | E5: =SUM(E3:E4) -> 0 | F5: =SUM(F3:F4) -> 0
A7: EC21–EC26 (id มี/ไม่มี, มี/ไม่มีการจอง, RoomType มี/ไม่มี strategy) ทดสอบใน TS001–TS006, TS009 และ Decision Table

Sheet 1_Room
A1: Equivalence Class Design
A2: Valid EC | F2: Invalid EC
A3: EC ID | B3: Condition | F3: EC ID | G3: Condition
A4: EC1 | B4: name ไม่ว่าง และยาว 1-100 ตัวอักษร | F4: EC2 | G4: name ว่าง / มีแต่ช่องว่าง / null
A5: EC4 | B5: capacity เป็นจำนวนเต็ม ≥ 1 | F5: EC3 | G5: name ยาวเกิน 100 ตัวอักษร
A6: EC7 | B6: floor เป็น null หรือยาว ≤ 20 ตัวอักษร | F6: EC5 | G6: capacity ≤ 0
A7: EC9 | B7: roomType = STANDARD หรือ VIP | F7: EC6 | G7: capacity = null
A8: EC11 | B8: status = AVAILABLE หรือ MAINTENANCE | F8: EC8 | G8: floor ยาวเกิน 20 ตัวอักษร
F9: EC10 | G9: roomType = null
F10: EC12 | G10: status = null
A12: Test Case Design and Test Results
A14: Project Name: | B14: Room - RoomCreateRequest | H14: Student ID: | I14: 673380572-9
A15: Test Strategy: | B15: Functional testing - Weak Robust Equivalence Class Testing (single fault) | H15: Designer: | I15: กฤติธี ศรีใสย์
A16: Test Environtment: | B16: Java 17, Spring Boot 4.1, JUnit 5, Mockito, Maven Surefire 3.5.6, Windows 11 | H16: Date: | I16: 9/10/2569
A18: Test Case ID | B18: Input | G18: Expected Result | H18: Actual Result | I18: Status (Pass/Fail/No run)
B19: name | C19: capacity | D19: floor | E19: roomType | F19: status
A20: TC-ECR-V01 | B20: Room A | C20: 10 | D20: 2 | E20: STANDARD | F20: AVAILABLE | G20: ไม่มี violation | H20: =IFERROR(INDEX('Test Case Design & Test Results'!$F$10:$F$189,MATCH(A20,'Test Case Design & Test Results'!$B$10:$B$189,0))&"","") -> ไม่มี violation | I20: =IFERROR(INDEX('Test Case Design & Test Results'!$G$10:$G$189,MATCH(A20,'Test Case Design & Test Results'!$B$10:$B$189,0)),"") -> Pass
A21: TC-ECR-V02 | B21: Room A | C21: 10 | D21: null | E21: STANDARD | F21: AVAILABLE | G21: ไม่มี violation | H21: =IFERROR(INDEX('Test Case Design & Test Results'!$F$10:$F$189,MATCH(A21,'Test Case Design & Test Results'!$B$10:$B$189,0))&"","") -> ไม่มี violation | I21: =IFERROR(INDEX('Test Case Design & Test Results'!$G$10:$G$189,MATCH(A21,'Test Case Design & Test Results'!$B$10:$B$189,0)),"") -> Pass
A22: TC-ECR-V03 | B22: Room A | C22: 10 | D22: F × 20 | E22: STANDARD | F22: AVAILABLE | G22: ไม่มี violation | H22: =IFERROR(INDEX('Test Case Design & Test Results'!$F$10:$F$189,MATCH(A22,'Test Case Design & Test Results'!$B$10:$B$189,0))&"","") -> ไม่มี violation | I22: =IFERROR(INDEX('Test Case Design & Test Results'!$G$10:$G$189,MATCH(A22,'Test Case Design & Test Results'!$B$10:$B$189,0)),"") -> Pass
A23: TC-ECR-V04 | B23: Room A | C23: 10 | D23: 2 | E23: VIP | F23: AVAILABLE | G23: ไม่มี violation | H23: =IFERROR(INDEX('Test Case Design & Test Results'!$F$10:$F$189,MATCH(A23,'Test Case Design & Test Results'!$B$10:$B$189,0))&"","") -> ไม่มี violation | I23: =IFERROR(INDEX('Test Case Design & Test Results'!$G$10:$G$189,MATCH(A23,'Test Case Design & Test Results'!$B$10:$B$189,0)),"") -> Pass
A24: TC-ECR-V05 | B24: Room A | C24: 10 | D24: 2 | E24: STANDARD | F24: MAINTENANCE | G24: ไม่มี violation | H24: =IFERROR(INDEX('Test Case Design & Test Results'!$F$10:$F$189,MATCH(A24,'Test Case Design & Test Results'!$B$10:$B$189,0))&"","") -> ไม่มี violation | I24: =IFERROR(INDEX('Test Case Design & Test Results'!$G$10:$G$189,MATCH(A24,'Test Case Design & Test Results'!$B$10:$B$189,0)),"") -> Pass
A25: TC-ECR-I01 | B25: "" | C25: 10 | D25: 2 | E25: STANDARD | F25: AVAILABLE | G25: violation 1 รายการ ที่ field name | H25: =IFERROR(INDEX('Test Case Design & Test Results'!$F$10:$F$189,MATCH(A25,'Test Case Design & Test Results'!$B$10:$B$189,0))&"","") -> violation 1 รายการ ที่ field name | I25: =IFERROR(INDEX('Test Case Design & Test Results'!$G$10:$G$189,MATCH(A25,'Test Case Design & Test Results'!$B$10:$B$189,0)),"") -> Pass
A26: TC-ECR-I02 | B26: " " | C26: 10 | D26: 2 | E26: STANDARD | F26: AVAILABLE | G26: violation 1 รายการ ที่ field name | H26: =IFERROR(INDEX('Test Case Design & Test Results'!$F$10:$F$189,MATCH(A26,'Test Case Design & Test Results'!$B$10:$B$189,0))&"","") -> violation 1 รายการ ที่ field name | I26: =IFERROR(INDEX('Test Case Design & Test Results'!$G$10:$G$189,MATCH(A26,'Test Case Design & Test Results'!$B$10:$B$189,0)),"") -> Pass
A27: TC-ECR-I03 | B27: null | C27: 10 | D27: 2 | E27: STANDARD | F27: AVAILABLE | G27: violation 1 รายการ ที่ field name | H27: =IFERROR(INDEX('Test Case Design & Test Results'!$F$10:$F$189,MATCH(A27,'Test Case Design & Test Results'!$B$10:$B$189,0))&"","") -> violation 1 รายการ ที่ field name | I27: =IFERROR(INDEX('Test Case Design & Test Results'!$G$10:$G$189,MATCH(A27,'Test Case Design & Test Results'!$B$10:$B$189,0)),"") -> Pass
A28: TC-ECR-I04 | B28: A × 101 | C28: 10 | D28: 2 | E28: STANDARD | F28: AVAILABLE | G28: violation 1 รายการ ที่ field name | H28: =IFERROR(INDEX('Test Case Design & Test Results'!$F$10:$F$189,MATCH(A28,'Test Case Design & Test Results'!$B$10:$B$189,0))&"","") -> violation 1 รายการ ที่ field name | I28: =IFERROR(INDEX('Test Case Design & Test Results'!$G$10:$G$189,MATCH(A28,'Test Case Design & Test Results'!$B$10:$B$189,0)),"") -> Pass
A29: TC-ECR-I05 | B29: Room A | C29: 0 | D29: 2 | E29: STANDARD | F29: AVAILABLE | G29: violation 1 รายการ ที่ field capacity | H29: =IFERROR(INDEX('Test Case Design & Test Results'!$F$10:$F$189,MATCH(A29,'Test Case Design & Test Results'!$B$10:$B$189,0))&"","") -> violation 1 รายการ ที่ field capacity | I29: =IFERROR(INDEX('Test Case Design & Test Results'!$G$10:$G$189,MATCH(A29,'Test Case Design & Test Results'!$B$10:$B$189,0)),"") -> Pass
A30: TC-ECR-I06 | B30: Room A | C30: -1 | D30: 2 | E30: STANDARD | F30: AVAILABLE | G30: violation 1 รายการ ที่ field capacity | H30: =IFERROR(INDEX('Test Case Design & Test Results'!$F$10:$F$189,MATCH(A30,'Test Case Design & Test Results'!$B$10:$B$189,0))&"","") -> violation 1 รายการ ที่ field capacity | I30: =IFERROR(INDEX('Test Case Design & Test Results'!$G$10:$G$189,MATCH(A30,'Test Case Design & Test Results'!$B$10:$B$189,0)),"") -> Pass
A31: TC-ECR-I07 | B31: Room A | C31: null | D31: 2 | E31: STANDARD | F31: AVAILABLE | G31: violation 1 รายการ ที่ field capacity | H31: =IFERROR(INDEX('Test Case Design & Test Results'!$F$10:$F$189,MATCH(A31,'Test Case Design & Test Results'!$B$10:$B$189,0))&"","") -> violation 1 รายการ ที่ field capacity | I31: =IFERROR(INDEX('Test Case Design & Test Results'!$G$10:$G$189,MATCH(A31,'Test Case Design & Test Results'!$B$10:$B$189,0)),"") -> Pass
A32: TC-ECR-I08 | B32: Room A | C32: 10 | D32: F × 21 | E32: STANDARD | F32: AVAILABLE | G32: violation 1 รายการ ที่ field floor | H32: =IFERROR(INDEX('Test Case Design & Test Results'!$F$10:$F$189,MATCH(A32,'Test Case Design & Test Results'!$B$10:$B$189,0))&"","") -> violation 1 รายการ ที่ field floor | I32: =IFERROR(INDEX('Test Case Design & Test Results'!$G$10:$G$189,MATCH(A32,'Test Case Design & Test Results'!$B$10:$B$189,0)),"") -> Pass
A33: TC-ECR-I09 | B33: Room A | C33: 10 | D33: 2 | E33: null | F33: AVAILABLE | G33: violation 1 รายการ ที่ field roomType | H33: =IFERROR(INDEX('Test Case Design & Test Results'!$F$10:$F$189,MATCH(A33,'Test Case Design & Test Results'!$B$10:$B$189,0))&"","") -> violation 1 รายการ ที่ field roomType | I33: =IFERROR(INDEX('Test Case Design & Test Results'!$G$10:$G$189,MATCH(A33,'Test Case Design & Test Results'!$B$10:$B$189,0)),"") -> Pass
A34: TC-ECR-I10 | B34: Room A | C34: 10 | D34: 2 | E34: STANDARD | F34: null | G34: violation 1 รายการ ที่ field status | H34: =IFERROR(INDEX('Test Case Design & Test Results'!$F$10:$F$189,MATCH(A34,'Test Case Design & Test Results'!$B$10:$B$189,0))&"","") -> violation 1 รายการ ที่ field status | I34: =IFERROR(INDEX('Test Case Design & Test Results'!$G$10:$G$189,MATCH(A34,'Test Case Design & Test Results'!$B$10:$B$189,0)),"") -> Pass

Sheet 2_Equipment
A1: Equivalence Class Design
A2: Valid EC | F2: Invalid EC
A3: EC ID | B3: Condition | F3: EC ID | G3: Condition
A4: EC13 | B4: name ไม่ว่าง และยาว 1-100 ตัวอักษร | F4: EC14 | G4: name ว่าง / มีแต่ช่องว่าง
A5: EC16 | B5: totalQuantity เป็นจำนวนเต็ม ≥ 0 | F5: EC15 | G5: name ยาวเกิน 100 ตัวอักษร
A6: EC19 | B6: category เป็น null หรือยาว ≤ 50 ตัวอักษร | F6: EC17 | G6: totalQuantity < 0
F7: EC18 | G7: totalQuantity = null
F8: EC20 | G8: category ยาวเกิน 50 ตัวอักษร
A10: Test Case Design and Test Results
A12: Project Name: | B12: Equipment - EquipmentCreateRequest | F12: Student ID: | G12: 673380572-9
A13: Test Strategy: | B13: Functional testing - Weak Robust Equivalence Class Testing (single fault) | F13: Designer: | G13: กฤติธี ศรีใสย์
A14: Test Environtment: | B14: Java 17, Spring Boot 4.1, JUnit 5, Mockito, Maven Surefire 3.5.6, Windows 11 | F14: Date: | G14: 9/10/2569
A16: Test Case ID | B16: Input | E16: Expected Result | F16: Actual Result | G16: Status (Pass/Fail/No run)
B17: name | C17: totalQuantity | D17: category
A18: TC-ECE-V01 | B18: Projector | C18: 5 | D18: Display | E18: ไม่มี violation | F18: =IFERROR(INDEX('Test Case Design & Test Results'!$F$10:$F$189,MATCH(A18,'Test Case Design & Test Results'!$B$10:$B$189,0))&"","") -> ไม่มี violation | G18: =IFERROR(INDEX('Test Case Design & Test Results'!$G$10:$G$189,MATCH(A18,'Test Case Design & Test Results'!$B$10:$B$189,0)),"") -> Pass
A19: TC-ECE-V02 | B19: Projector | C19: 0 | D19: Display | E19: ไม่มี violation | F19: =IFERROR(INDEX('Test Case Design & Test Results'!$F$10:$F$189,MATCH(A19,'Test Case Design & Test Results'!$B$10:$B$189,0))&"","") -> ไม่มี violation | G19: =IFERROR(INDEX('Test Case Design & Test Results'!$G$10:$G$189,MATCH(A19,'Test Case Design & Test Results'!$B$10:$B$189,0)),"") -> Pass
A20: TC-ECE-V03 | B20: Projector | C20: 5 | D20: null | E20: ไม่มี violation | F20: =IFERROR(INDEX('Test Case Design & Test Results'!$F$10:$F$189,MATCH(A20,'Test Case Design & Test Results'!$B$10:$B$189,0))&"","") -> ไม่มี violation | G20: =IFERROR(INDEX('Test Case Design & Test Results'!$G$10:$G$189,MATCH(A20,'Test Case Design & Test Results'!$B$10:$B$189,0)),"") -> Pass
A21: TC-ECE-V04 | B21: Projector | C21: 5 | D21: C × 50 | E21: ไม่มี violation | F21: =IFERROR(INDEX('Test Case Design & Test Results'!$F$10:$F$189,MATCH(A21,'Test Case Design & Test Results'!$B$10:$B$189,0))&"","") -> ไม่มี violation | G21: =IFERROR(INDEX('Test Case Design & Test Results'!$G$10:$G$189,MATCH(A21,'Test Case Design & Test Results'!$B$10:$B$189,0)),"") -> Pass
A22: TC-ECE-I01 | B22: "" | C22: 5 | D22: Display | E22: violation 1 รายการ ที่ field name | F22: =IFERROR(INDEX('Test Case Design & Test Results'!$F$10:$F$189,MATCH(A22,'Test Case Design & Test Results'!$B$10:$B$189,0))&"","") -> violation 1 รายการ ที่ field name | G22: =IFERROR(INDEX('Test Case Design & Test Results'!$G$10:$G$189,MATCH(A22,'Test Case Design & Test Results'!$B$10:$B$189,0)),"") -> Pass
A23: TC-ECE-I02 | B23: " " | C23: 5 | D23: Display | E23: violation 1 รายการ ที่ field name | F23: =IFERROR(INDEX('Test Case Design & Test Results'!$F$10:$F$189,MATCH(A23,'Test Case Design & Test Results'!$B$10:$B$189,0))&"","") -> violation 1 รายการ ที่ field name | G23: =IFERROR(INDEX('Test Case Design & Test Results'!$G$10:$G$189,MATCH(A23,'Test Case Design & Test Results'!$B$10:$B$189,0)),"") -> Pass
A24: TC-ECE-I03 | B24: P × 101 | C24: 5 | D24: Display | E24: violation 1 รายการ ที่ field name | F24: =IFERROR(INDEX('Test Case Design & Test Results'!$F$10:$F$189,MATCH(A24,'Test Case Design & Test Results'!$B$10:$B$189,0))&"","") -> violation 1 รายการ ที่ field name | G24: =IFERROR(INDEX('Test Case Design & Test Results'!$G$10:$G$189,MATCH(A24,'Test Case Design & Test Results'!$B$10:$B$189,0)),"") -> Pass
A25: TC-ECE-I04 | B25: Projector | C25: -1 | D25: Display | E25: violation 1 รายการ ที่ field totalQuantity | F25: =IFERROR(INDEX('Test Case Design & Test Results'!$F$10:$F$189,MATCH(A25,'Test Case Design & Test Results'!$B$10:$B$189,0))&"","") -> violation 1 รายการ ที่ field totalQuantity | G25: =IFERROR(INDEX('Test Case Design & Test Results'!$G$10:$G$189,MATCH(A25,'Test Case Design & Test Results'!$B$10:$B$189,0)),"") -> Pass
A26: TC-ECE-I05 | B26: Projector | C26: null | D26: Display | E26: violation 1 รายการ ที่ field totalQuantity | F26: =IFERROR(INDEX('Test Case Design & Test Results'!$F$10:$F$189,MATCH(A26,'Test Case Design & Test Results'!$B$10:$B$189,0))&"","") -> violation 1 รายการ ที่ field totalQuantity | G26: =IFERROR(INDEX('Test Case Design & Test Results'!$G$10:$G$189,MATCH(A26,'Test Case Design & Test Results'!$B$10:$B$189,0)),"") -> Pass
A27: TC-ECE-I06 | B27: Projector | C27: 5 | D27: C × 51 | E27: violation 1 รายการ ที่ field category | F27: =IFERROR(INDEX('Test Case Design & Test Results'!$F$10:$F$189,MATCH(A27,'Test Case Design & Test Results'!$B$10:$B$189,0))&"","") -> violation 1 รายการ ที่ field category | G27: =IFERROR(INDEX('Test Case Design & Test Results'!$G$10:$G$189,MATCH(A27,'Test Case Design & Test Results'!$B$10:$B$189,0)),"") -> Pass

Sheet Limited Entry Decision Table
A1: DT1: ลบห้อง / อุปกรณ์ (deleteRoom, deleteEquipment)
A2: Condition | B2: Rule#1 | C2: Rule#2 | D2: Rule#3 | E2: Rule#4
A3: C1: id มีอยู่ในระบบ | B3: T | C3: T | D3: F | E3: F
A4: C2: มีการจองผูกอยู่ (foreign key) | B4: T | C4: F | D4: T | E4: F
A5: Action
A6: A1: throw ConflictException → 409 | B6: X
A7: A2: ลบสำเร็จ → 204 | C7: X
A8: A3: throw ResourceNotFoundException → 404 | E8: X
A9: Impossible | D9: X
A12: DT2: แก้ไขอุปกรณ์ (updateEquipment)
A13: Condition | B13: Rule#1 | C13: Rule#2 | D13: Rule#3
A14: C1: id มีอยู่ในระบบ | B14: T | C14: T | D14: F
A15: C2: totalQuantity ≥ 0 | B15: T | C15: F | D15: -
A16: Action
A17: A1: อัปเดตและ save สำเร็จ | B17: X
A18: A2: throw IllegalArgumentException และไม่ save | C18: X
A19: A3: throw ResourceNotFoundException → 404 | D19: X
A20: Impossible
A23: DT3: กฎการอนุมัติการจอง (createBooking + Strategy)
A24: Condition | B24: Rule#1 | C24: Rule#2 | D24: Rule#3 | E24: Rule#4
A25: C1: มี strategy รองรับประเภทห้อง | B25: T | C25: T | D25: F | E25: F
A26: C2: requiresApproval = true (VIP) | B26: T | C26: F | D26: T | E26: F
A27: Action
A28: A1: สถานะคงเป็น PENDING รอ admin | B28: X
A29: A2: อนุมัติอัตโนมัติ → APPROVED | C29: X
A30: A3: throw IllegalArgumentException | E30: X
A31: Impossible | D31: X
A34: DT4: สร้าง / แก้ไขผ่าน REST API
A35: Condition | B35: Rule#1 | C35: Rule#2
A36: C1: request body อ่านได้และผ่าน @Valid | B36: T | C36: F
A37: Action
A38: A1: เรียก service → 201 Created / 200 OK | B38: X
A39: A2: 400 Bad Request และไม่เรียก service | C39: X
A40: Impossible

Sheet Extended Entry Decision Table
A1: DT5: กฎการอนุมัติตาม RoomType
A2: Equivalence class
A3: EC1 = RoomType.STANDARD
A4: EC2 = RoomType.VIP
A5: EC3 = RoomType ที่ไม่มี strategy
A7: Condition | B7: Rule#1 | C7: Rule#2 | D7: Rule#3
A8: C1: RoomType | B8: EC1 | C8: EC2 | D8: EC3
A9: Action
A10: A1: APPROVED ทันที | B10: X
A11: A2: PENDING รอ admin | C11: X
A12: A3: throw IllegalArgumentException | D12: X
A13: Impossible
A16: DT6: validation ของห้อง (name × capacity)
A17: Equivalence class
A18: EC1 = ความยาว name 1–100
A19: EC2 = name ว่าง / ช่องว่าง / null
A20: EC3 = ความยาว name ≥ 101
A21: EC4 = capacity ≥ 1
A22: EC5 = capacity ≤ 0
A23: EC6 = capacity = null
A25: Condition | B25: Rule#1 | C25: Rule#2 | D25: Rule#3 | E25: Rule#4 | F25: Rule#5
A26: C1: name | B26: EC1 | C26: EC2 | D26: EC3 | E26: EC1 | F26: EC1
A27: C2: capacity | B27: EC4 | C27: - | D27: - | E27: EC5 | F27: EC6
A28: Action
A29: A1: ผ่าน validation (→ 201) | B29: X
A30: A2: ไม่ผ่าน validation (→ 400) | C30: X | D30: X | E30: X | F30: X
A31: Impossible

Sheet TestCase_LEDT
A1: Test Case Design and Test Results
A3: Project Name: | B3: Room / Equipment / Booking rule | F3: Student ID: | G3: 673380572-9
A4: Test Strategy: | B4: Functional testing - Decision Table (Limited Entry) | F4: Designer: | G4: กฤติธี ศรีใสย์
A5: Test Environtment: | B5: Java 17, Spring Boot 4.1, JUnit 5, Mockito, Maven Surefire 3.5.6, Windows 11 | F5: Date: | G5: 9/10/2569
A7: Rule# | B7: Test Case ID | C7: Input | F7: Expected Result | G7: Actual Result | H7: Status (Pass/Fail/No run)
C8: Method / Request | D8: Data | E8: Condition
A9: DT1: ลบห้อง / อุปกรณ์ (deleteRoom, deleteEquipment)
A10: DT1 Rule#1 | B10: TC-RS10 | C10: deleteRoom(id) | D10: id=1, flush() โยน DataIntegrityViolationException | E10: ห้องมีการจองผูกอยู่ | F10: throw ConflictException | G10: =IFERROR(INDEX('Test Case Design & Test Results'!$F$10:$F$189,MATCH(B10,'Test Case Design & Test Results'!$B$10:$B$189,0))&"","") -> throw ConflictException | H10: =IFERROR(INDEX('Test Case Design & Test Results'!$G$10:$G$189,MATCH(B10,'Test Case Design & Test Results'!$B$10:$B$189,0)),"") -> Pass
A11: DT1 Rule#1 | B11: TC-ES12 | C11: deleteEquipment(id) | D11: id=1, flush() โยน DataIntegrityViolationException | E11: อุปกรณ์ถูกใช้ในการจอง | F11: throw ConflictException | G11: =IFERROR(INDEX('Test Case Design & Test Results'!$F$10:$F$189,MATCH(B11,'Test Case Design & Test Results'!$B$10:$B$189,0))&"","") -> throw ConflictException | H11: =IFERROR(INDEX('Test Case Design & Test Results'!$G$10:$G$189,MATCH(B11,'Test Case Design & Test Results'!$B$10:$B$189,0)),"") -> Pass
A12: DT1 Rule#1 | B12: TC-RC05 | C12: DELETE /api/v1/rooms/1 | D12: id=1 (service โยน ConflictException) | E12: ห้องมีการจองผูกอยู่ | F12: 409 Conflict | G12: =IFERROR(INDEX('Test Case Design & Test Results'!$F$10:$F$189,MATCH(B12,'Test Case Design & Test Results'!$B$10:$B$189,0))&"","") -> 409 Conflict | H12: =IFERROR(INDEX('Test Case Design & Test Results'!$G$10:$G$189,MATCH(B12,'Test Case Design & Test Results'!$B$10:$B$189,0)),"") -> Pass
A13: DT1 Rule#1 | B13: TC-EC05 | C13: DELETE /api/v1/equipments/1 | D13: id=1 (service โยน ConflictException) | E13: อุปกรณ์ถูกใช้ในการจอง | F13: 409 Conflict | G13: =IFERROR(INDEX('Test Case Design & Test Results'!$F$10:$F$189,MATCH(B13,'Test Case Design & Test Results'!$B$10:$B$189,0))&"","") -> 409 Conflict | H13: =IFERROR(INDEX('Test Case Design & Test Results'!$G$10:$G$189,MATCH(B13,'Test Case Design & Test Results'!$B$10:$B$189,0)),"") -> Pass
A14: DT1 Rule#1 | B14: TC-IT01 | C14: DELETE /api/v1/rooms/{id} | D14: ห้องที่มี booking ใน DB จริง | E14: ห้องมีการจองผูกอยู่ | F14: 409 + message มี "(id: x)" และห้องยังอยู่ใน DB | G14: =IFERROR(INDEX('Test Case Design & Test Results'!$F$10:$F$189,MATCH(B14,'Test Case Design & Test Results'!$B$10:$B$189,0))&"","") -> 409 + message มี "(id: x)" และห้องยังอยู่ใน DB | H14: =IFERROR(INDEX('Test Case Design & Test Results'!$G$10:$G$189,MATCH(B14,'Test Case Design & Test Results'!$B$10:$B$189,0)),"") -> Pass
A15: DT1 Rule#1 | B15: TC-IT03 | C15: DELETE /api/v1/equipments/{id} | D15: อุปกรณ์ที่ผูกกับ booking_equipment | E15: อุปกรณ์ถูกใช้ในการจอง | F15: 409 + message มี "(id: x)" และอุปกรณ์ยังอยู่ | G15: =IFERROR(INDEX('Test Case Design & Test Results'!$F$10:$F$189,MATCH(B15,'Test Case Design & Test Results'!$B$10:$B$189,0))&"","") -> 409 + message มี "(id: x)" และอุปกรณ์ยังอยู่ | H15: =IFERROR(INDEX('Test Case Design & Test Results'!$G$10:$G$189,MATCH(B15,'Test Case Design & Test Results'!$B$10:$B$189,0)),"") -> Pass
A16: DT1 Rule#2 | B16: TC-RS07 | C16: deleteRoom(id) | D16: id=1 | E16: id มีอยู่, ไม่มีการจอง | F16: เรียก delete(room) | G16: =IFERROR(INDEX('Test Case Design & Test Results'!$F$10:$F$189,MATCH(B16,'Test Case Design & Test Results'!$B$10:$B$189,0))&"","") -> delete(room) ถูกเรียก | H16: =IFERROR(INDEX('Test Case Design & Test Results'!$G$10:$G$189,MATCH(B16,'Test Case Design & Test Results'!$B$10:$B$189,0)),"") -> Pass
A17: DT1 Rule#2 | B17: TC-RS09 | C17: deleteRoom(id) | D17: id=1 | E17: id มีอยู่ | F17: เรียก flush() ทันทีหลัง delete | G17: =IFERROR(INDEX('Test Case Design & Test Results'!$F$10:$F$189,MATCH(B17,'Test Case Design & Test Results'!$B$10:$B$189,0))&"","") -> flush() ถูกเรียก | H17: =IFERROR(INDEX('Test Case Design & Test Results'!$G$10:$G$189,MATCH(B17,'Test Case Design & Test Results'!$B$10:$B$189,0)),"") -> Pass
A18: DT1 Rule#2 | B18: TC-ES09 | C18: deleteEquipment(id) | D18: id=1 | E18: id มีอยู่, ไม่ถูกใช้ในการจอง | F18: เรียก delete(equipment) | G18: =IFERROR(INDEX('Test Case Design & Test Results'!$F$10:$F$189,MATCH(B18,'Test Case Design & Test Results'!$B$10:$B$189,0))&"","") -> delete(equipment) ถูกเรียก | H18: =IFERROR(INDEX('Test Case Design & Test Results'!$G$10:$G$189,MATCH(B18,'Test Case Design & Test Results'!$B$10:$B$189,0)),"") -> Pass
A19: DT1 Rule#2 | B19: TC-ES11 | C19: deleteEquipment(id) | D19: id=1 | E19: id มีอยู่ | F19: เรียก flush() ทันทีหลัง delete | G19: =IFERROR(INDEX('Test Case Design & Test Results'!$F$10:$F$189,MATCH(B19,'Test Case Design & Test Results'!$B$10:$B$189,0))&"","") -> flush() ถูกเรียก | H19: =IFERROR(INDEX('Test Case Design & Test Results'!$G$10:$G$189,MATCH(B19,'Test Case Design & Test Results'!$B$10:$B$189,0)),"") -> Pass
A20: DT1 Rule#2 | B20: TC-RC04 | C20: DELETE /api/v1/rooms/1 | D20: id=1 | E20: ลบได้ | F20: 204 No Content | G20: =IFERROR(INDEX('Test Case Design & Test Results'!$F$10:$F$189,MATCH(B20,'Test Case Design & Test Results'!$B$10:$B$189,0))&"","") -> 204 No Content | H20: =IFERROR(INDEX('Test Case Design & Test Results'!$G$10:$G$189,MATCH(B20,'Test Case Design & Test Results'!$B$10:$B$189,0)),"") -> Pass
A21: DT1 Rule#2 | B21: TC-IT02 | C21: DELETE /api/v1/rooms/{id} | D21: ห้องที่ไม่มี booking | E21: ไม่มีการจอง | F21: 204 และห้องหายจาก DB | G21: =IFERROR(INDEX('Test Case Design & Test Results'!$F$10:$F$189,MATCH(B21,'Test Case Design & Test Results'!$B$10:$B$189,0))&"","") -> 204 และห้องหายจาก DB | H21: =IFERROR(INDEX('Test Case Design & Test Results'!$G$10:$G$189,MATCH(B21,'Test Case Design & Test Results'!$B$10:$B$189,0)),"") -> Pass
A22: DT1 Rule#2 | B22: TC-IT04 | C22: DELETE /api/v1/equipments/{id} | D22: อุปกรณ์ที่ไม่ถูกใช้ | E22: ไม่ถูกใช้ | F22: 204 และอุปกรณ์หายจาก DB | G22: =IFERROR(INDEX('Test Case Design & Test Results'!$F$10:$F$189,MATCH(B22,'Test Case Design & Test Results'!$B$10:$B$189,0))&"","") -> 204 และอุปกรณ์หายจาก DB | H22: =IFERROR(INDEX('Test Case Design & Test Results'!$G$10:$G$189,MATCH(B22,'Test Case Design & Test Results'!$B$10:$B$189,0)),"") -> Pass
A23: DT1 Rule#3 | B23: - | C23: - | D23: - | E23: - | F23: Impossible
A24: DT1 Rule#4 | B24: TC-RS08 | C24: deleteRoom(id) | D24: id=99 | E24: id ไม่มีในระบบ | F24: throw ResourceNotFoundException และไม่ delete | G24: =IFERROR(INDEX('Test Case Design & Test Results'!$F$10:$F$189,MATCH(B24,'Test Case Design & Test Results'!$B$10:$B$189,0))&"","") -> throw ResourceNotFoundException, delete ไม่ถูกเรียก | H24: =IFERROR(INDEX('Test Case Design & Test Results'!$G$10:$G$189,MATCH(B24,'Test Case Design & Test Results'!$B$10:$B$189,0)),"") -> Pass
A25: DT1 Rule#4 | B25: TC-ES10 | C25: deleteEquipment(id) | D25: id=99 | E25: id ไม่มีในระบบ | F25: throw ResourceNotFoundException และไม่ delete | G25: =IFERROR(INDEX('Test Case Design & Test Results'!$F$10:$F$189,MATCH(B25,'Test Case Design & Test Results'!$B$10:$B$189,0))&"","") -> throw ResourceNotFoundException, delete ไม่ถูกเรียก | H25: =IFERROR(INDEX('Test Case Design & Test Results'!$G$10:$G$189,MATCH(B25,'Test Case Design & Test Results'!$B$10:$B$189,0)),"") -> Pass
A26: DT2: แก้ไขอุปกรณ์ (updateEquipment)
A27: DT2 Rule#1 | B27: TC-ES06 | C27: updateEquipment(id, request) | D27: id=1, name=Microphone, totalQuantity=10 | E27: id มีอยู่, ข้อมูลถูกต้อง | F27: ข้อมูลเปลี่ยนเป็น Microphone, 10 | G27: =IFERROR(INDEX('Test Case Design & Test Results'!$F$10:$F$189,MATCH(B27,'Test Case Design & Test Results'!$B$10:$B$189,0))&"","") -> ข้อมูลเปลี่ยนเป็น Microphone, 10 | H27: =IFERROR(INDEX('Test Case Design & Test Results'!$G$10:$G$189,MATCH(B27,'Test Case Design & Test Results'!$B$10:$B$189,0)),"") -> Pass
A28: DT2 Rule#2 | B28: TC-ES08 | C28: updateEquipment(id, request) | D28: id=1, totalQuantity=-5 | E28: จำนวนติดลบ | F28: throw IllegalArgumentException และไม่ save | G28: =IFERROR(INDEX('Test Case Design & Test Results'!$F$10:$F$189,MATCH(B28,'Test Case Design & Test Results'!$B$10:$B$189,0))&"","") -> throw IllegalArgumentException, save ไม่ถูกเรียก | H28: =IFERROR(INDEX('Test Case Design & Test Results'!$G$10:$G$189,MATCH(B28,'Test Case Design & Test Results'!$B$10:$B$189,0)),"") -> Pass
A29: DT2 Rule#3 | B29: TC-ES07 | C29: updateEquipment(id, request) | D29: id=99 | E29: id ไม่มีในระบบ | F29: throw ResourceNotFoundException | G29: =IFERROR(INDEX('Test Case Design & Test Results'!$F$10:$F$189,MATCH(B29,'Test Case Design & Test Results'!$B$10:$B$189,0))&"","") -> throw ResourceNotFoundException | H29: =IFERROR(INDEX('Test Case Design & Test Results'!$G$10:$G$189,MATCH(B29,'Test Case Design & Test Results'!$B$10:$B$189,0)),"") -> Pass
A30: DT3: กฎการอนุมัติการจอง (createBooking + Strategy)
A31: DT3 Rule#1 | B31: TC-ST01 | C31: requiresApproval() | D31: VipRoomRuleStrategy | E31: ห้อง VIP | F31: คืนค่า true | G31: =IFERROR(INDEX('Test Case Design & Test Results'!$F$10:$F$189,MATCH(B31,'Test Case Design & Test Results'!$B$10:$B$189,0))&"","") -> true | H31: =IFERROR(INDEX('Test Case Design & Test Results'!$G$10:$G$189,MATCH(B31,'Test Case Design & Test Results'!$B$10:$B$189,0)),"") -> Pass
A32: DT3 Rule#1 | B32: TC-ST03 | C32: factory.getStrategy(type) | D32: RoomType.VIP | E32: มี strategy ของ VIP | F32: คืน VipRoomRuleStrategy | G32: =IFERROR(INDEX('Test Case Design & Test Results'!$F$10:$F$189,MATCH(B32,'Test Case Design & Test Results'!$B$10:$B$189,0))&"","") -> VipRoomRuleStrategy | H32: =IFERROR(INDEX('Test Case Design & Test Results'!$G$10:$G$189,MATCH(B32,'Test Case Design & Test Results'!$B$10:$B$189,0)),"") -> Pass
A33: DT3 Rule#1 | B33: TC-BK02 | C33: createBooking(request, userId) | D33: ห้อง VIP, 1/12/2026 09:00-11:00, userId=1 | E33: ห้อง VIP | F33: status = PENDING และถูก save เป็น PENDING | G33: =IFERROR(INDEX('Test Case Design & Test Results'!$F$10:$F$189,MATCH(B33,'Test Case Design & Test Results'!$B$10:$B$189,0))&"","") -> status = PENDING, save เป็น PENDING | H33: =IFERROR(INDEX('Test Case Design & Test Results'!$G$10:$G$189,MATCH(B33,'Test Case Design & Test Results'!$B$10:$B$189,0)),"") -> Pass
A34: DT3 Rule#2 | B34: TC-ST02 | C34: requiresApproval() | D34: StandardRoomRuleStrategy | E34: ห้อง STANDARD | F34: คืนค่า false | G34: =IFERROR(INDEX('Test Case Design & Test Results'!$F$10:$F$189,MATCH(B34,'Test Case Design & Test Results'!$B$10:$B$189,0))&"","") -> false | H34: =IFERROR(INDEX('Test Case Design & Test Results'!$G$10:$G$189,MATCH(B34,'Test Case Design & Test Results'!$B$10:$B$189,0)),"") -> Pass
A35: DT3 Rule#2 | B35: TC-ST04 | C35: factory.getStrategy(type) | D35: RoomType.STANDARD | E35: มี strategy ของ STANDARD | F35: คืน StandardRoomRuleStrategy | G35: =IFERROR(INDEX('Test Case Design & Test Results'!$F$10:$F$189,MATCH(B35,'Test Case Design & Test Results'!$B$10:$B$189,0))&"","") -> StandardRoomRuleStrategy | H35: =IFERROR(INDEX('Test Case Design & Test Results'!$G$10:$G$189,MATCH(B35,'Test Case Design & Test Results'!$B$10:$B$189,0)),"") -> Pass
A36: DT3 Rule#2 | B36: TC-BK01 | C36: createBooking(request, userId) | D36: ห้อง STANDARD, 1/12/2026 09:00-11:00, userId=1 | E36: ห้อง STANDARD | F36: status = APPROVED และถูก save เป็น APPROVED | G36: =IFERROR(INDEX('Test Case Design & Test Results'!$F$10:$F$189,MATCH(B36,'Test Case Design & Test Results'!$B$10:$B$189,0))&"","") -> status = APPROVED, save เป็น APPROVED | H36: =IFERROR(INDEX('Test Case Design & Test Results'!$G$10:$G$189,MATCH(B36,'Test Case Design & Test Results'!$B$10:$B$189,0)),"") -> Pass
A37: DT3 Rule#3 | B37: - | C37: - | D37: - | E37: - | F37: Impossible
A38: DT3 Rule#4 | B38: TC-ST05 | C38: factory.getStrategy(type) | D38: Factory มีแค่ VIP, ขอ RoomType.STANDARD | E38: ไม่มี strategy ของประเภทนั้น | F38: throw IllegalArgumentException | G38: =IFERROR(INDEX('Test Case Design & Test Results'!$F$10:$F$189,MATCH(B38,'Test Case Design & Test Results'!$B$10:$B$189,0))&"","") -> throw IllegalArgumentException | H38: =IFERROR(INDEX('Test Case Design & Test Results'!$G$10:$G$189,MATCH(B38,'Test Case Design & Test Results'!$B$10:$B$189,0)),"") -> Pass
A39: DT4: สร้าง / แก้ไขผ่าน REST API
A40: DT4 Rule#1 | B40: TC-RC01 | C40: POST /api/v1/rooms | D40: {name:Room A, capacity:10, floor:2, STANDARD, AVAILABLE} | E40: body ถูกต้อง | F40: 201 Created, id=1 | G40: =IFERROR(INDEX('Test Case Design & Test Results'!$F$10:$F$189,MATCH(B40,'Test Case Design & Test Results'!$B$10:$B$189,0))&"","") -> 201 Created, id=1 | H40: =IFERROR(INDEX('Test Case Design & Test Results'!$G$10:$G$189,MATCH(B40,'Test Case Design & Test Results'!$B$10:$B$189,0)),"") -> Pass
A41: DT4 Rule#1 | B41: TC-EC01 | C41: POST /api/v1/equipments | D41: {name:Projector, totalQuantity:5, category:Display} | E41: body ถูกต้อง | F41: 201 Created, id=1 | G41: =IFERROR(INDEX('Test Case Design & Test Results'!$F$10:$F$189,MATCH(B41,'Test Case Design & Test Results'!$B$10:$B$189,0))&"","") -> 201 Created, id=1 | H41: =IFERROR(INDEX('Test Case Design & Test Results'!$G$10:$G$189,MATCH(B41,'Test Case Design & Test Results'!$B$10:$B$189,0)),"") -> Pass
A42: DT4 Rule#1 | B42: TC-IT06 | C42: POST /api/v1/rooms | D42: {name: IT Created Room, capacity: 12, VIP} | E42: body ถูกต้อง | F42: 201 และบันทึกลง DB จริง | G42: =IFERROR(INDEX('Test Case Design & Test Results'!$F$10:$F$189,MATCH(B42,'Test Case Design & Test Results'!$B$10:$B$189,0))&"","") -> 201 และบันทึกลง DB จริง | H42: =IFERROR(INDEX('Test Case Design & Test Results'!$G$10:$G$189,MATCH(B42,'Test Case Design & Test Results'!$B$10:$B$189,0)),"") -> Pass
A43: DT4 Rule#2 | B43: TC-RC02 | C43: POST /api/v1/rooms | D43: {name:"", capacity:0} | E43: name ว่าง, capacity = 0, ไม่มี roomType/status | F43: 400 Bad Request และไม่เรียก service | G43: =IFERROR(INDEX('Test Case Design & Test Results'!$F$10:$F$189,MATCH(B43,'Test Case Design & Test Results'!$B$10:$B$189,0))&"","") -> 400 Bad Request, service ไม่ถูกเรียก | H43: =IFERROR(INDEX('Test Case Design & Test Results'!$G$10:$G$189,MATCH(B43,'Test Case Design & Test Results'!$B$10:$B$189,0)),"") -> Pass
A44: DT4 Rule#2 | B44: TC-RC06 | C44: POST /api/v1/rooms | D44: {capacity: 2147483648} (เกิน Integer) | E44: capacity max+ (robustness) | F44: 400 Bad Request และไม่เรียก service | G44: =IFERROR(INDEX('Test Case Design & Test Results'!$F$10:$F$189,MATCH(B44,'Test Case Design & Test Results'!$B$10:$B$189,0))&"","") -> 400 Bad Request และไม่เรียก service | H44: =IFERROR(INDEX('Test Case Design & Test Results'!$G$10:$G$189,MATCH(B44,'Test Case Design & Test Results'!$B$10:$B$189,0)),"") -> Pass
A45: DT4 Rule#2 | B45: TC-EC02 | C45: POST /api/v1/equipments | D45: {name:Projector, totalQuantity:-1} | E45: จำนวนติดลบ | F45: 400 Bad Request และไม่เรียก service | G45: =IFERROR(INDEX('Test Case Design & Test Results'!$F$10:$F$189,MATCH(B45,'Test Case Design & Test Results'!$B$10:$B$189,0))&"","") -> 400 Bad Request, service ไม่ถูกเรียก | H45: =IFERROR(INDEX('Test Case Design & Test Results'!$G$10:$G$189,MATCH(B45,'Test Case Design & Test Results'!$B$10:$B$189,0)),"") -> Pass
A46: DT4 Rule#2 | B46: TC-EC03 | C46: PUT /api/v1/equipments/1 | D46: {name:" ", totalQuantity:3} | E46: name เป็นช่องว่าง | F46: 400 Bad Request และไม่เรียก service | G46: =IFERROR(INDEX('Test Case Design & Test Results'!$F$10:$F$189,MATCH(B46,'Test Case Design & Test Results'!$B$10:$B$189,0))&"","") -> 400 Bad Request, service ไม่ถูกเรียก | H46: =IFERROR(INDEX('Test Case Design & Test Results'!$G$10:$G$189,MATCH(B46,'Test Case Design & Test Results'!$B$10:$B$189,0)),"") -> Pass

Sheet TestCase_EEDT
A1: Test Case Design and Test Results
A3: Project Name: | B3: Room / Booking rule | F3: Student ID: | G3: 673380572-9
A4: Test Strategy: | B4: Functional testing - Decision Table (Extended Entry) | F4: Designer: | G4: กฤติธี ศรีใสย์
A5: Test Environtment: | B5: Java 17, Spring Boot 4.1, JUnit 5, Mockito, Maven Surefire 3.5.6, Windows 11 | F5: Date: | G5: 9/10/2569
A7: Rule# | B7: Test Case ID | C7: Input | F7: Expected Result | G7: Actual Result | H7: Status (Pass/Fail/No run)
C8: Method / Request | D8: Data | E8: Condition
A9: DT5: กฎการอนุมัติตาม RoomType
A10: DT5 Rule#1 | B10: TC-ST02 | C10: requiresApproval() | D10: StandardRoomRuleStrategy | E10: ห้อง STANDARD | F10: คืนค่า false | G10: =IFERROR(INDEX('Test Case Design & Test Results'!$F$10:$F$189,MATCH(B10,'Test Case Design & Test Results'!$B$10:$B$189,0))&"","") -> false | H10: =IFERROR(INDEX('Test Case Design & Test Results'!$G$10:$G$189,MATCH(B10,'Test Case Design & Test Results'!$B$10:$B$189,0)),"") -> Pass
A11: DT5 Rule#1 | B11: TC-ST04 | C11: factory.getStrategy(type) | D11: RoomType.STANDARD | E11: มี strategy ของ STANDARD | F11: คืน StandardRoomRuleStrategy | G11: =IFERROR(INDEX('Test Case Design & Test Results'!$F$10:$F$189,MATCH(B11,'Test Case Design & Test Results'!$B$10:$B$189,0))&"","") -> StandardRoomRuleStrategy | H11: =IFERROR(INDEX('Test Case Design & Test Results'!$G$10:$G$189,MATCH(B11,'Test Case Design & Test Results'!$B$10:$B$189,0)),"") -> Pass
A12: DT5 Rule#1 | B12: TC-BK01 | C12: createBooking(request, userId) | D12: ห้อง STANDARD, 1/12/2026 09:00-11:00, userId=1 | E12: ห้อง STANDARD | F12: status = APPROVED และถูก save เป็น APPROVED | G12: =IFERROR(INDEX('Test Case Design & Test Results'!$F$10:$F$189,MATCH(B12,'Test Case Design & Test Results'!$B$10:$B$189,0))&"","") -> status = APPROVED, save เป็น APPROVED | H12: =IFERROR(INDEX('Test Case Design & Test Results'!$G$10:$G$189,MATCH(B12,'Test Case Design & Test Results'!$B$10:$B$189,0)),"") -> Pass
A13: DT5 Rule#2 | B13: TC-ST01 | C13: requiresApproval() | D13: VipRoomRuleStrategy | E13: ห้อง VIP | F13: คืนค่า true | G13: =IFERROR(INDEX('Test Case Design & Test Results'!$F$10:$F$189,MATCH(B13,'Test Case Design & Test Results'!$B$10:$B$189,0))&"","") -> true | H13: =IFERROR(INDEX('Test Case Design & Test Results'!$G$10:$G$189,MATCH(B13,'Test Case Design & Test Results'!$B$10:$B$189,0)),"") -> Pass
A14: DT5 Rule#2 | B14: TC-ST03 | C14: factory.getStrategy(type) | D14: RoomType.VIP | E14: มี strategy ของ VIP | F14: คืน VipRoomRuleStrategy | G14: =IFERROR(INDEX('Test Case Design & Test Results'!$F$10:$F$189,MATCH(B14,'Test Case Design & Test Results'!$B$10:$B$189,0))&"","") -> VipRoomRuleStrategy | H14: =IFERROR(INDEX('Test Case Design & Test Results'!$G$10:$G$189,MATCH(B14,'Test Case Design & Test Results'!$B$10:$B$189,0)),"") -> Pass
A15: DT5 Rule#2 | B15: TC-BK02 | C15: createBooking(request, userId) | D15: ห้อง VIP, 1/12/2026 09:00-11:00, userId=1 | E15: ห้อง VIP | F15: status = PENDING และถูก save เป็น PENDING | G15: =IFERROR(INDEX('Test Case Design & Test Results'!$F$10:$F$189,MATCH(B15,'Test Case Design & Test Results'!$B$10:$B$189,0))&"","") -> status = PENDING, save เป็น PENDING | H15: =IFERROR(INDEX('Test Case Design & Test Results'!$G$10:$G$189,MATCH(B15,'Test Case Design & Test Results'!$B$10:$B$189,0)),"") -> Pass
A16: DT5 Rule#3 | B16: TC-ST05 | C16: factory.getStrategy(type) | D16: Factory มีแค่ VIP, ขอ RoomType.STANDARD | E16: ไม่มี strategy ของประเภทนั้น | F16: throw IllegalArgumentException | G16: =IFERROR(INDEX('Test Case Design & Test Results'!$F$10:$F$189,MATCH(B16,'Test Case Design & Test Results'!$B$10:$B$189,0))&"","") -> throw IllegalArgumentException | H16: =IFERROR(INDEX('Test Case Design & Test Results'!$G$10:$G$189,MATCH(B16,'Test Case Design & Test Results'!$B$10:$B$189,0)),"") -> Pass
A17: DT6: validation ของห้อง (name × capacity)
A18: DT6 Rule#1 | B18: TC-ECR-V01 | C18: validator.validate(room) | D18: ทุก field ถูกต้อง | E18: EC1, EC4, EC7, EC9, EC11 | F18: ไม่มี violation | G18: =IFERROR(INDEX('Test Case Design & Test Results'!$F$10:$F$189,MATCH(B18,'Test Case Design & Test Results'!$B$10:$B$189,0))&"","") -> ไม่มี violation | H18: =IFERROR(INDEX('Test Case Design & Test Results'!$G$10:$G$189,MATCH(B18,'Test Case Design & Test Results'!$B$10:$B$189,0)),"") -> Pass
A19: DT6 Rule#1 | B19: TC-BVR-N01 | C19: validator.validate(request) | D19: name length=50 (nom), capacity=10 (nom) | E19: nom × nom | F19: ผ่าน validation | G19: =IFERROR(INDEX('Test Case Design & Test Results'!$F$10:$F$189,MATCH(B19,'Test Case Design & Test Results'!$B$10:$B$189,0))&"","") -> ผ่าน validation | H19: =IFERROR(INDEX('Test Case Design & Test Results'!$G$10:$G$189,MATCH(B19,'Test Case Design & Test Results'!$B$10:$B$189,0)),"") -> Pass
A20: DT6 Rule#2 | B20: TC-ECR-I01 | C20: validator.validate(room) | D20: name = "" (field อื่นถูกต้อง) | E20: EC2 | F20: violation 1 รายการ ที่ field name | G20: =IFERROR(INDEX('Test Case Design & Test Results'!$F$10:$F$189,MATCH(B20,'Test Case Design & Test Results'!$B$10:$B$189,0))&"","") -> violation 1 รายการ ที่ field name | H20: =IFERROR(INDEX('Test Case Design & Test Results'!$G$10:$G$189,MATCH(B20,'Test Case Design & Test Results'!$B$10:$B$189,0)),"") -> Pass
A21: DT6 Rule#2 | B21: TC-ECR-I02 | C21: validator.validate(room) | D21: name = " " (field อื่นถูกต้อง) | E21: EC2 | F21: violation 1 รายการ ที่ field name | G21: =IFERROR(INDEX('Test Case Design & Test Results'!$F$10:$F$189,MATCH(B21,'Test Case Design & Test Results'!$B$10:$B$189,0))&"","") -> violation 1 รายการ ที่ field name | H21: =IFERROR(INDEX('Test Case Design & Test Results'!$G$10:$G$189,MATCH(B21,'Test Case Design & Test Results'!$B$10:$B$189,0)),"") -> Pass
A22: DT6 Rule#2 | B22: TC-ECR-I03 | C22: validator.validate(room) | D22: name = null (field อื่นถูกต้อง) | E22: EC2 | F22: violation 1 รายการ ที่ field name | G22: =IFERROR(INDEX('Test Case Design & Test Results'!$F$10:$F$189,MATCH(B22,'Test Case Design & Test Results'!$B$10:$B$189,0))&"","") -> violation 1 รายการ ที่ field name | H22: =IFERROR(INDEX('Test Case Design & Test Results'!$G$10:$G$189,MATCH(B22,'Test Case Design & Test Results'!$B$10:$B$189,0)),"") -> Pass
A23: DT6 Rule#2 | B23: TC-BVR-R10 | C23: validator.validate(request) | D23: name length=0 (min-), capacity=10 (nom) | E23: min- × nom | F23: ไม่ผ่าน validation (name) | G23: =IFERROR(INDEX('Test Case Design & Test Results'!$F$10:$F$189,MATCH(B23,'Test Case Design & Test Results'!$B$10:$B$189,0))&"","") -> ไม่ผ่าน validation (name) | H23: =IFERROR(INDEX('Test Case Design & Test Results'!$G$10:$G$189,MATCH(B23,'Test Case Design & Test Results'!$B$10:$B$189,0)),"") -> Pass
A24: DT6 Rule#3 | B24: TC-ECR-I04 | C24: validator.validate(room) | D24: name ยาว 101 ตัว (field อื่นถูกต้อง) | E24: EC3 | F24: violation 1 รายการ ที่ field name | G24: =IFERROR(INDEX('Test Case Design & Test Results'!$F$10:$F$189,MATCH(B24,'Test Case Design & Test Results'!$B$10:$B$189,0))&"","") -> violation 1 รายการ ที่ field name | H24: =IFERROR(INDEX('Test Case Design & Test Results'!$G$10:$G$189,MATCH(B24,'Test Case Design & Test Results'!$B$10:$B$189,0)),"") -> Pass
A25: DT6 Rule#3 | B25: TC-BVR-R11 | C25: validator.validate(request) | D25: name length=101 (max+), capacity=10 (nom) | E25: max+ × nom | F25: ไม่ผ่าน validation (name) | G25: =IFERROR(INDEX('Test Case Design & Test Results'!$F$10:$F$189,MATCH(B25,'Test Case Design & Test Results'!$B$10:$B$189,0))&"","") -> ไม่ผ่าน validation (name) | H25: =IFERROR(INDEX('Test Case Design & Test Results'!$G$10:$G$189,MATCH(B25,'Test Case Design & Test Results'!$B$10:$B$189,0)),"") -> Pass
A26: DT6 Rule#4 | B26: TC-ECR-I05 | C26: validator.validate(room) | D26: capacity = 0 (field อื่นถูกต้อง) | E26: EC5 | F26: violation 1 รายการ ที่ field capacity | G26: =IFERROR(INDEX('Test Case Design & Test Results'!$F$10:$F$189,MATCH(B26,'Test Case Design & Test Results'!$B$10:$B$189,0))&"","") -> violation 1 รายการ ที่ field capacity | H26: =IFERROR(INDEX('Test Case Design & Test Results'!$G$10:$G$189,MATCH(B26,'Test Case Design & Test Results'!$B$10:$B$189,0)),"") -> Pass
A27: DT6 Rule#4 | B27: TC-ECR-I06 | C27: validator.validate(room) | D27: capacity = -1 (field อื่นถูกต้อง) | E27: EC5 | F27: violation 1 รายการ ที่ field capacity | G27: =IFERROR(INDEX('Test Case Design & Test Results'!$F$10:$F$189,MATCH(B27,'Test Case Design & Test Results'!$B$10:$B$189,0))&"","") -> violation 1 รายการ ที่ field capacity | H27: =IFERROR(INDEX('Test Case Design & Test Results'!$G$10:$G$189,MATCH(B27,'Test Case Design & Test Results'!$B$10:$B$189,0)),"") -> Pass
A28: DT6 Rule#4 | B28: TC-BVR-R12 | C28: validator.validate(request) | D28: name length=50 (nom), capacity=0 (min-) | E28: nom × min- | F28: ไม่ผ่าน validation (capacity) | G28: =IFERROR(INDEX('Test Case Design & Test Results'!$F$10:$F$189,MATCH(B28,'Test Case Design & Test Results'!$B$10:$B$189,0))&"","") -> ไม่ผ่าน validation (capacity) | H28: =IFERROR(INDEX('Test Case Design & Test Results'!$G$10:$G$189,MATCH(B28,'Test Case Design & Test Results'!$B$10:$B$189,0)),"") -> Pass
A29: DT6 Rule#5 | B29: TC-ECR-I07 | C29: validator.validate(room) | D29: capacity = null (field อื่นถูกต้อง) | E29: EC6 | F29: violation 1 รายการ ที่ field capacity | G29: =IFERROR(INDEX('Test Case Design & Test Results'!$F$10:$F$189,MATCH(B29,'Test Case Design & Test Results'!$B$10:$B$189,0))&"","") -> violation 1 รายการ ที่ field capacity | H29: =IFERROR(INDEX('Test Case Design & Test Results'!$G$10:$G$189,MATCH(B29,'Test Case Design & Test Results'!$B$10:$B$189,0)),"") -> Pass

Sheet TS001
A1: Test Scenario ID: | B1: UAT-CWS-Rental-P2-TS001 | C1: Project ID: | D1: CWS-Rental-P2
A2: Test Scenario Name: | B2: Room management (Service) | C2: Project version: | D2: V1.0
A3: Designer: | B3: กฤติธี ศรีใสย์ 673380572-9 | C3: Test Version: | D3: V1.0
A4: Module: | B4: RoomServiceImpl.java | C4: Date: | D4: 9/10/2569
A5: Pre-requisite: | B5: mock MeetingRoomRepository ด้วย Mockito
A6: Description: | B6: ทดสอบการสร้าง ดู แก้ไข และลบห้องประชุมใน service ถ้าหา id ไม่เจอต้อง throw ResourceNotFoundException (404) ถ้าลบห้องที่ยังมีการจองผูกอยู่ต้อง throw ConflictException (409)
A7: Main flow
A8: Step No. | B8: Description | C8: Input | D8: Condition | E8: Expected Results | F8: Actual Results | G8: Status (Pass/Fail/No run) | H8: Remark/Defect ID
A9: 1 | B9: TC-RS01: createRoom_savesAndReturnsResponse | C9: createRoom(request) name=Room A, capacity=10, floor=2, VIP, AVAILABLE | D9: ข้อมูลถูกต้อง | E9: บันทึกสำเร็จ คืน id=1, name=Room A, roomType=VIP | F9: =IFERROR(INDEX('Test Case Design & Test Results'!$F$10:$F$189,MATCH(H9,'Test Case Design & Test Results'!$B$10:$B$189,0))&"","") -> คืน id=1, name=Room A, roomType=VIP | G9: =IFERROR(INDEX('Test Case Design & Test Results'!$G$10:$G$189,MATCH(H9,'Test Case Design & Test Results'!$B$10:$B$189,0)),"") -> Pass | H9: TC-RS01
A10: 2 | B10: TC-RS02: getRoomById_found_returnsResponse | C10: getRoomById(id) id=1 | D10: id มีอยู่ในระบบ | E10: คืนข้อมูลห้อง id=1 | F10: =IFERROR(INDEX('Test Case Design & Test Results'!$F$10:$F$189,MATCH(H10,'Test Case Design & Test Results'!$B$10:$B$189,0))&"","") -> คืนข้อมูลห้อง id=1 | G10: =IFERROR(INDEX('Test Case Design & Test Results'!$G$10:$G$189,MATCH(H10,'Test Case Design & Test Results'!$B$10:$B$189,0)),"") -> Pass | H10: TC-RS02
A11: 3 | B11: TC-RS03: getRoomById_notFound_throwsResourceNotFound | C11: getRoomById(id) id=99 | D11: id ไม่มีในระบบ | E11: throw ResourceNotFoundException | F11: =IFERROR(INDEX('Test Case Design & Test Results'!$F$10:$F$189,MATCH(H11,'Test Case Design & Test Results'!$B$10:$B$189,0))&"","") -> throw ResourceNotFoundException | G11: =IFERROR(INDEX('Test Case Design & Test Results'!$G$10:$G$189,MATCH(H11,'Test Case Design & Test Results'!$B$10:$B$189,0)),"") -> Pass | H11: TC-RS03
A12: 4 | B12: TC-RS04: getAllRooms_returnsPageOfResponses | C12: getAllRooms(pageable) page=0, size=10 (มี 2 ห้อง) | D12: มีข้อมูล 2 รายการ | E12: คืน Page totalElements=2 | F12: =IFERROR(INDEX('Test Case Design & Test Results'!$F$10:$F$189,MATCH(H12,'Test Case Design & Test Results'!$B$10:$B$189,0))&"","") -> คืน Page totalElements=2 | G12: =IFERROR(INDEX('Test Case Design & Test Results'!$G$10:$G$189,MATCH(H12,'Test Case Design & Test Results'!$B$10:$B$189,0)),"") -> Pass | H12: TC-RS04
A13: 5 | B13: TC-RS05: updateRoom_updatesFieldsAndSaves | C13: updateRoom(id, request) id=1, name=Room B, capacity=20, MAINTENANCE | D13: id มีอยู่, ข้อมูลถูกต้อง | E13: ข้อมูลเปลี่ยนเป็น Room B, 20, MAINTENANCE | F13: =IFERROR(INDEX('Test Case Design & Test Results'!$F$10:$F$189,MATCH(H13,'Test Case Design & Test Results'!$B$10:$B$189,0))&"","") -> ข้อมูลเปลี่ยนเป็น Room B, 20, MAINTENANCE | G13: =IFERROR(INDEX('Test Case Design & Test Results'!$G$10:$G$189,MATCH(H13,'Test Case Design & Test Results'!$B$10:$B$189,0)),"") -> Pass | H13: TC-RS05
A14: 6 | B14: TC-RS06: updateRoom_notFound_throwsResourceNotFound | C14: updateRoom(id, request) id=99 | D14: id ไม่มีในระบบ | E14: throw ResourceNotFoundException และไม่ save | F14: =IFERROR(INDEX('Test Case Design & Test Results'!$F$10:$F$189,MATCH(H14,'Test Case Design & Test Results'!$B$10:$B$189,0))&"","") -> throw ResourceNotFoundException, save ไม่ถูกเรียก | G14: =IFERROR(INDEX('Test Case Design & Test Results'!$G$10:$G$189,MATCH(H14,'Test Case Design & Test Results'!$B$10:$B$189,0)),"") -> Pass | H14: TC-RS06
A15: 7 | B15: TC-RS07: deleteRoom_found_callsDelete | C15: deleteRoom(id) id=1 | D15: id มีอยู่, ไม่มีการจอง | E15: เรียก delete(room) | F15: =IFERROR(INDEX('Test Case Design & Test Results'!$F$10:$F$189,MATCH(H15,'Test Case Design & Test Results'!$B$10:$B$189,0))&"","") -> delete(room) ถูกเรียก | G15: =IFERROR(INDEX('Test Case Design & Test Results'!$G$10:$G$189,MATCH(H15,'Test Case Design & Test Results'!$B$10:$B$189,0)),"") -> Pass | H15: TC-RS07
A16: 8 | B16: TC-RS08: deleteRoom_notFound_throwsAndDoesNotDelete | C16: deleteRoom(id) id=99 | D16: id ไม่มีในระบบ | E16: throw ResourceNotFoundException และไม่ delete | F16: =IFERROR(INDEX('Test Case Design & Test Results'!$F$10:$F$189,MATCH(H16,'Test Case Design & Test Results'!$B$10:$B$189,0))&"","") -> throw ResourceNotFoundException, delete ไม่ถูกเรียก | G16: =IFERROR(INDEX('Test Case Design & Test Results'!$G$10:$G$189,MATCH(H16,'Test Case Design & Test Results'!$B$10:$B$189,0)),"") -> Pass | H16: TC-RS08
A17: 9 | B17: TC-RS09: deleteRoom_found_flushesSoForeignKeyErrorIsRaisedHere | C17: deleteRoom(id) id=1 | D17: id มีอยู่ | E17: เรียก flush() ทันทีหลัง delete | F17: =IFERROR(INDEX('Test Case Design & Test Results'!$F$10:$F$189,MATCH(H17,'Test Case Design & Test Results'!$B$10:$B$189,0))&"","") -> flush() ถูกเรียก | G17: =IFERROR(INDEX('Test Case Design & Test Results'!$G$10:$G$189,MATCH(H17,'Test Case Design & Test Results'!$B$10:$B$189,0)),"") -> Pass | H17: TC-RS09
A18: 10 | B18: TC-RS10: deleteRoom_hasBookings_throwsConflict | C18: deleteRoom(id) id=1, flush() โยน DataIntegrityViolationException | D18: ห้องมีการจองผูกอยู่ | E18: throw ConflictException | F18: =IFERROR(INDEX('Test Case Design & Test Results'!$F$10:$F$189,MATCH(H18,'Test Case Design & Test Results'!$B$10:$B$189,0))&"","") -> throw ConflictException | G18: =IFERROR(INDEX('Test Case Design & Test Results'!$G$10:$G$189,MATCH(H18,'Test Case Design & Test Results'!$B$10:$B$189,0)),"") -> Pass | H18: TC-RS10
A20: Alternate flows: | B20: ถ้า repository โยน DataIntegrityViolationException ตอน flush() ระบบต้องแปลงเป็น ConflictException ไม่ปล่อยให้เป็น 500
A21: Related Defect: | B21: D004

Sheet TS002
A1: Test Scenario ID: | B1: UAT-CWS-Rental-P2-TS002 | C1: Project ID: | D1: CWS-Rental-P2
A2: Test Scenario Name: | B2: Equipment management (Service) | C2: Project version: | D2: V1.0
A3: Designer: | B3: กฤติธี ศรีใสย์ 673380572-9 | C3: Test Version: | D3: V1.0
A4: Module: | B4: EquipmentServiceImpl.java | C4: Date: | D4: 9/10/2569
A5: Pre-requisite: | B5: mock EquipmentRepository ด้วย Mockito
A6: Description: | B6: ทดสอบการสร้าง ดู แก้ไข และลบอุปกรณ์ใน service จำนวนอุปกรณ์ห้ามติดลบ หา id ไม่เจอต้องได้ ResourceNotFoundException (404) ลบอุปกรณ์ที่ถูกใช้ในการจองต้องได้ ConflictException (409)
A7: Main flow
A8: Step No. | B8: Description | C8: Input | D8: Condition | E8: Expected Results | F8: Actual Results | G8: Status (Pass/Fail/No run) | H8: Remark/Defect ID
A9: 1 | B9: TC-ES01: createEquipment_savesAndReturnsResponse | C9: createEquipment(request) name=Projector, totalQuantity=5, category=Display | D9: ข้อมูลถูกต้อง | E9: บันทึกสำเร็จ คืน id=1, totalQuantity=5 | F9: =IFERROR(INDEX('Test Case Design & Test Results'!$F$10:$F$189,MATCH(H9,'Test Case Design & Test Results'!$B$10:$B$189,0))&"","") -> คืน id=1, totalQuantity=5 | G9: =IFERROR(INDEX('Test Case Design & Test Results'!$G$10:$G$189,MATCH(H9,'Test Case Design & Test Results'!$B$10:$B$189,0)),"") -> Pass | H9: TC-ES01
A10: 2 | B10: TC-ES02: createEquipment_negativeQuantity_throwsIllegalArgument | C10: createEquipment(request) totalQuantity=-1 | D10: จำนวนติดลบ | E10: throw IllegalArgumentException และไม่ save | F10: =IFERROR(INDEX('Test Case Design & Test Results'!$F$10:$F$189,MATCH(H10,'Test Case Design & Test Results'!$B$10:$B$189,0))&"","") -> throw IllegalArgumentException, save ไม่ถูกเรียก | G10: =IFERROR(INDEX('Test Case Design & Test Results'!$G$10:$G$189,MATCH(H10,'Test Case Design & Test Results'!$B$10:$B$189,0)),"") -> Pass | H10: TC-ES02
A11: 3 | B11: TC-ES03: getEquipmentById_found_returnsResponse | C11: getEquipmentById(id) id=1 | D11: id มีอยู่ในระบบ | E11: คืนข้อมูลอุปกรณ์ id=1 | F11: =IFERROR(INDEX('Test Case Design & Test Results'!$F$10:$F$189,MATCH(H11,'Test Case Design & Test Results'!$B$10:$B$189,0))&"","") -> คืนข้อมูลอุปกรณ์ id=1 | G11: =IFERROR(INDEX('Test Case Design & Test Results'!$G$10:$G$189,MATCH(H11,'Test Case Design & Test Results'!$B$10:$B$189,0)),"") -> Pass | H11: TC-ES03
A12: 4 | B12: TC-ES04: getEquipmentById_notFound_throwsResourceNotFound | C12: getEquipmentById(id) id=99 | D12: id ไม่มีในระบบ | E12: throw ResourceNotFoundException | F12: =IFERROR(INDEX('Test Case Design & Test Results'!$F$10:$F$189,MATCH(H12,'Test Case Design & Test Results'!$B$10:$B$189,0))&"","") -> throw ResourceNotFoundException | G12: =IFERROR(INDEX('Test Case Design & Test Results'!$G$10:$G$189,MATCH(H12,'Test Case Design & Test Results'!$B$10:$B$189,0)),"") -> Pass | H12: TC-ES04
A13: 5 | B13: TC-ES05: getAllEquipments_returnsPageOfResponses | C13: getAllEquipments(pageable) page=0, size=10 (มี 2 รายการ) | D13: มีข้อมูล 2 รายการ | E13: คืน Page totalElements=2 | F13: =IFERROR(INDEX('Test Case Design & Test Results'!$F$10:$F$189,MATCH(H13,'Test Case Design & Test Results'!$B$10:$B$189,0))&"","") -> คืน Page totalElements=2 | G13: =IFERROR(INDEX('Test Case Design & Test Results'!$G$10:$G$189,MATCH(H13,'Test Case Design & Test Results'!$B$10:$B$189,0)),"") -> Pass | H13: TC-ES05
A14: 6 | B14: TC-ES06: updateEquipment_updatesFieldsAndSaves | C14: updateEquipment(id, request) id=1, name=Microphone, totalQuantity=10 | D14: id มีอยู่, ข้อมูลถูกต้อง | E14: ข้อมูลเปลี่ยนเป็น Microphone, 10 | F14: =IFERROR(INDEX('Test Case Design & Test Results'!$F$10:$F$189,MATCH(H14,'Test Case Design & Test Results'!$B$10:$B$189,0))&"","") -> ข้อมูลเปลี่ยนเป็น Microphone, 10 | G14: =IFERROR(INDEX('Test Case Design & Test Results'!$G$10:$G$189,MATCH(H14,'Test Case Design & Test Results'!$B$10:$B$189,0)),"") -> Pass | H14: TC-ES06
A15: 7 | B15: TC-ES07: updateEquipment_notFound_throwsResourceNotFound | C15: updateEquipment(id, request) id=99 | D15: id ไม่มีในระบบ | E15: throw ResourceNotFoundException | F15: =IFERROR(INDEX('Test Case Design & Test Results'!$F$10:$F$189,MATCH(H15,'Test Case Design & Test Results'!$B$10:$B$189,0))&"","") -> throw ResourceNotFoundException | G15: =IFERROR(INDEX('Test Case Design & Test Results'!$G$10:$G$189,MATCH(H15,'Test Case Design & Test Results'!$B$10:$B$189,0)),"") -> Pass | H15: TC-ES07
A16: 8 | B16: TC-ES08: updateEquipment_negativeQuantity_throwsIllegalArgument | C16: updateEquipment(id, request) id=1, totalQuantity=-5 | D16: จำนวนติดลบ | E16: throw IllegalArgumentException และไม่ save | F16: =IFERROR(INDEX('Test Case Design & Test Results'!$F$10:$F$189,MATCH(H16,'Test Case Design & Test Results'!$B$10:$B$189,0))&"","") -> throw IllegalArgumentException, save ไม่ถูกเรียก | G16: =IFERROR(INDEX('Test Case Design & Test Results'!$G$10:$G$189,MATCH(H16,'Test Case Design & Test Results'!$B$10:$B$189,0)),"") -> Pass | H16: TC-ES08
A17: 9 | B17: TC-ES09: deleteEquipment_found_callsDelete | C17: deleteEquipment(id) id=1 | D17: id มีอยู่, ไม่ถูกใช้ในการจอง | E17: เรียก delete(equipment) | F17: =IFERROR(INDEX('Test Case Design & Test Results'!$F$10:$F$189,MATCH(H17,'Test Case Design & Test Results'!$B$10:$B$189,0))&"","") -> delete(equipment) ถูกเรียก | G17: =IFERROR(INDEX('Test Case Design & Test Results'!$G$10:$G$189,MATCH(H17,'Test Case Design & Test Results'!$B$10:$B$189,0)),"") -> Pass | H17: TC-ES09
A18: 10 | B18: TC-ES10: deleteEquipment_notFound_throwsAndDoesNotDelete | C18: deleteEquipment(id) id=99 | D18: id ไม่มีในระบบ | E18: throw ResourceNotFoundException และไม่ delete | F18: =IFERROR(INDEX('Test Case Design & Test Results'!$F$10:$F$189,MATCH(H18,'Test Case Design & Test Results'!$B$10:$B$189,0))&"","") -> throw ResourceNotFoundException, delete ไม่ถูกเรียก | G18: =IFERROR(INDEX('Test Case Design & Test Results'!$G$10:$G$189,MATCH(H18,'Test Case Design & Test Results'!$B$10:$B$189,0)),"") -> Pass | H18: TC-ES10
A19: 11 | B19: TC-ES11: deleteEquipment_found_flushesSoForeignKeyErrorIsRaisedHere | C19: deleteEquipment(id) id=1 | D19: id มีอยู่ | E19: เรียก flush() ทันทีหลัง delete | F19: =IFERROR(INDEX('Test Case Design & Test Results'!$F$10:$F$189,MATCH(H19,'Test Case Design & Test Results'!$B$10:$B$189,0))&"","") -> flush() ถูกเรียก | G19: =IFERROR(INDEX('Test Case Design & Test Results'!$G$10:$G$189,MATCH(H19,'Test Case Design & Test Results'!$B$10:$B$189,0)),"") -> Pass | H19: TC-ES11
A20: 12 | B20: TC-ES12: deleteEquipment_usedInBooking_throwsConflict | C20: deleteEquipment(id) id=1, flush() โยน DataIntegrityViolationException | D20: อุปกรณ์ถูกใช้ในการจอง | E20: throw ConflictException | F20: =IFERROR(INDEX('Test Case Design & Test Results'!$F$10:$F$189,MATCH(H20,'Test Case Design & Test Results'!$B$10:$B$189,0))&"","") -> throw ConflictException | G20: =IFERROR(INDEX('Test Case Design & Test Results'!$G$10:$G$189,MATCH(H20,'Test Case Design & Test Results'!$B$10:$B$189,0)),"") -> Pass | H20: TC-ES12
A22: Alternate flows: | B22: ถ้า totalQuantity ติดลบ ต้อง throw IllegalArgumentException และไม่บันทึกลงฐานข้อมูล
A23: Related Defect: | B23: D003, D004

Sheet TS003
A1: Test Scenario ID: | B1: UAT-CWS-Rental-P2-TS003 | C1: Project ID: | D1: CWS-Rental-P2
A2: Test Scenario Name: | B2: Booking approval rule (Strategy) | C2: Project version: | D2: V1.0
A3: Designer: | B3: กฤติธี ศรีใสย์ 673380572-9 | C3: Test Version: | D3: V1.0
A4: Module: | B4: BookingRuleStrategy, StandardRoomRuleStrategy, VipRoomRuleStrategy, BookingRuleStrategyFactory | C4: Date: | D4: 9/10/2569
A5: Pre-requisite: | B5: -
A6: Description: | B6: ห้องแต่ละประเภทมีกฎการอนุมัติต่างกัน STANDARD ไม่ต้องอนุมัติ VIP ต้องรอ admin อนุมัติ Factory ต้องเลือก strategy ให้ตรงกับ RoomType
A7: Main flow
A8: Step No. | B8: Description | C8: Input | D8: Condition | E8: Expected Results | F8: Actual Results | G8: Status (Pass/Fail/No run) | H8: Remark/Defect ID
A9: 1 | B9: TC-ST01: vipRoom_requiresApproval | C9: requiresApproval() VipRoomRuleStrategy | D9: ห้อง VIP | E9: คืนค่า true | F9: =IFERROR(INDEX('Test Case Design & Test Results'!$F$10:$F$189,MATCH(H9,'Test Case Design & Test Results'!$B$10:$B$189,0))&"","") -> true | G9: =IFERROR(INDEX('Test Case Design & Test Results'!$G$10:$G$189,MATCH(H9,'Test Case Design & Test Results'!$B$10:$B$189,0)),"") -> Pass | H9: TC-ST01
A10: 2 | B10: TC-ST02: standardRoom_doesNotRequireApproval | C10: requiresApproval() StandardRoomRuleStrategy | D10: ห้อง STANDARD | E10: คืนค่า false | F10: =IFERROR(INDEX('Test Case Design & Test Results'!$F$10:$F$189,MATCH(H10,'Test Case Design & Test Results'!$B$10:$B$189,0))&"","") -> false | G10: =IFERROR(INDEX('Test Case Design & Test Results'!$G$10:$G$189,MATCH(H10,'Test Case Design & Test Results'!$B$10:$B$189,0)),"") -> Pass | H10: TC-ST02
A11: 3 | B11: TC-ST03: factory_returnsVipStrategyForVipRoom | C11: factory.getStrategy(type) RoomType.VIP | D11: มี strategy ของ VIP | E11: คืน VipRoomRuleStrategy | F11: =IFERROR(INDEX('Test Case Design & Test Results'!$F$10:$F$189,MATCH(H11,'Test Case Design & Test Results'!$B$10:$B$189,0))&"","") -> VipRoomRuleStrategy | G11: =IFERROR(INDEX('Test Case Design & Test Results'!$G$10:$G$189,MATCH(H11,'Test Case Design & Test Results'!$B$10:$B$189,0)),"") -> Pass | H11: TC-ST03
A12: 4 | B12: TC-ST04: factory_returnsStandardStrategyForStandardRoom | C12: factory.getStrategy(type) RoomType.STANDARD | D12: มี strategy ของ STANDARD | E12: คืน StandardRoomRuleStrategy | F12: =IFERROR(INDEX('Test Case Design & Test Results'!$F$10:$F$189,MATCH(H12,'Test Case Design & Test Results'!$B$10:$B$189,0))&"","") -> StandardRoomRuleStrategy | G12: =IFERROR(INDEX('Test Case Design & Test Results'!$G$10:$G$189,MATCH(H12,'Test Case Design & Test Results'!$B$10:$B$189,0)),"") -> Pass | H12: TC-ST04
A13: 5 | B13: TC-ST05: factory_noStrategyRegistered_throwsIllegalArgument | C13: factory.getStrategy(type) Factory มีแค่ VIP, ขอ RoomType.STANDARD | D13: ไม่มี strategy ของประเภทนั้น | E13: throw IllegalArgumentException | F13: =IFERROR(INDEX('Test Case Design & Test Results'!$F$10:$F$189,MATCH(H13,'Test Case Design & Test Results'!$B$10:$B$189,0))&"","") -> throw IllegalArgumentException | G13: =IFERROR(INDEX('Test Case Design & Test Results'!$G$10:$G$189,MATCH(H13,'Test Case Design & Test Results'!$B$10:$B$189,0)),"") -> Pass | H13: TC-ST05
A15: Alternate flows: | B15: ถ้า Factory ไม่มี strategy ของประเภทห้องที่ขอ ต้อง throw IllegalArgumentException
A16: Related Defect: | B16: D005, D006

Sheet TS004
A1: Test Scenario ID: | B1: UAT-CWS-Rental-P2-TS004 | C1: Project ID: | D1: CWS-Rental-P2
A2: Test Scenario Name: | B2: Create booking with approval rule | C2: Project version: | D2: V1.0
A3: Designer: | B3: กฤติธี ศรีใสย์ 673380572-9 | C3: Test Version: | D3: V1.0
A4: Module: | B4: BookingServiceImpl.java (createBooking) | C4: Date: | D4: 9/10/2569
A5: Pre-requisite: | B5: mock repositories และ validation chain ด้วย Mockito, ใช้ Factory ตัวจริง
A6: Description: | B6: เมื่อสร้างการจอง ระบบต้องเรียก Strategy ตามประเภทห้อง ห้อง STANDARD ได้สถานะ APPROVED ทันที ห้อง VIP คงสถานะ PENDING และสถานะต้องถูกบันทึกก่อน save
A7: Main flow
A8: Step No. | B8: Description | C8: Input | D8: Condition | E8: Expected Results | F8: Actual Results | G8: Status (Pass/Fail/No run) | H8: Remark/Defect ID
A9: 1 | B9: TC-BK01: createBooking_standardRoom_isApprovedAutomatically | C9: createBooking(request, userId) ห้อง STANDARD, 1/12/2026 09:00-11:00, userId=1 | D9: ห้อง STANDARD | E9: status = APPROVED และถูก save เป็น APPROVED | F9: =IFERROR(INDEX('Test Case Design & Test Results'!$F$10:$F$189,MATCH(H9,'Test Case Design & Test Results'!$B$10:$B$189,0))&"","") -> status = APPROVED, save เป็น APPROVED | G9: =IFERROR(INDEX('Test Case Design & Test Results'!$G$10:$G$189,MATCH(H9,'Test Case Design & Test Results'!$B$10:$B$189,0)),"") -> Pass | H9: TC-BK01
A10: 2 | B10: TC-BK02: createBooking_vipRoom_staysPendingForApproval | C10: createBooking(request, userId) ห้อง VIP, 1/12/2026 09:00-11:00, userId=1 | D10: ห้อง VIP | E10: status = PENDING และถูก save เป็น PENDING | F10: =IFERROR(INDEX('Test Case Design & Test Results'!$F$10:$F$189,MATCH(H10,'Test Case Design & Test Results'!$B$10:$B$189,0))&"","") -> status = PENDING, save เป็น PENDING | G10: =IFERROR(INDEX('Test Case Design & Test Results'!$G$10:$G$189,MATCH(H10,'Test Case Design & Test Results'!$B$10:$B$189,0)),"") -> Pass | H10: TC-BK02
A12: Alternate flows: | B12: -
A13: Related Defect: | B13: D005

Sheet TS005
A1: Test Scenario ID: | B1: UAT-CWS-Rental-P2-TS005 | C1: Project ID: | D1: CWS-Rental-P2
A2: Test Scenario Name: | B2: Room REST API | C2: Project version: | D2: V1.0
A3: Designer: | B3: กฤติธี ศรีใสย์ 673380572-9 | C3: Test Version: | D3: V1.0
A4: Module: | B4: RoomController.java + GlobalExceptionHandler.java | C4: Date: | D4: 9/10/2569
A5: Pre-requisite: | B5: mock RoomService ด้วย Mockito, ยิง request ผ่าน MockMvc
A6: Description: | B6: ทดสอบ endpoint /api/v1/rooms ว่าตอบ status code ถูกต้อง (201, 204, 400, 404, 409) และ @Valid ตีกลับข้อมูลผิดก่อนถึง service รวมถึง robustness: capacity เกินช่วง Integer ต้องได้ 400 ไม่ใช่ 500
A7: Main flow
A8: Step No. | B8: Description | C8: Input | D8: Condition | E8: Expected Results | F8: Actual Results | G8: Status (Pass/Fail/No run) | H8: Remark/Defect ID
A9: 1 | B9: TC-RC01: createRoom_validBody_returns201 | C9: POST /api/v1/rooms {name:Room A, capacity:10, floor:2, STANDARD, AVAILABLE} | D9: body ถูกต้อง | E9: 201 Created, id=1 | F9: =IFERROR(INDEX('Test Case Design & Test Results'!$F$10:$F$189,MATCH(H9,'Test Case Design & Test Results'!$B$10:$B$189,0))&"","") -> 201 Created, id=1 | G9: =IFERROR(INDEX('Test Case Design & Test Results'!$G$10:$G$189,MATCH(H9,'Test Case Design & Test Results'!$B$10:$B$189,0)),"") -> Pass | H9: TC-RC01
A10: 2 | B10: TC-RC02: createRoom_invalidBody_returns400AndDoesNotCallService | C10: POST /api/v1/rooms {name:"", capacity:0} | D10: name ว่าง, capacity = 0, ไม่มี roomType/status | E10: 400 Bad Request และไม่เรียก service | F10: =IFERROR(INDEX('Test Case Design & Test Results'!$F$10:$F$189,MATCH(H10,'Test Case Design & Test Results'!$B$10:$B$189,0))&"","") -> 400 Bad Request, service ไม่ถูกเรียก | G10: =IFERROR(INDEX('Test Case Design & Test Results'!$G$10:$G$189,MATCH(H10,'Test Case Design & Test Results'!$B$10:$B$189,0)),"") -> Pass | H10: TC-RC02
A11: 3 | B11: TC-RC03: getRoom_notFound_returns404 | C11: GET /api/v1/rooms/99 id=99 | D11: id ไม่มีในระบบ | E11: 404 Not Found | F11: =IFERROR(INDEX('Test Case Design & Test Results'!$F$10:$F$189,MATCH(H11,'Test Case Design & Test Results'!$B$10:$B$189,0))&"","") -> 404 Not Found | G11: =IFERROR(INDEX('Test Case Design & Test Results'!$G$10:$G$189,MATCH(H11,'Test Case Design & Test Results'!$B$10:$B$189,0)),"") -> Pass | H11: TC-RC03
A12: 4 | B12: TC-RC04: deleteRoom_success_returns204 | C12: DELETE /api/v1/rooms/1 id=1 | D12: ลบได้ | E12: 204 No Content | F12: =IFERROR(INDEX('Test Case Design & Test Results'!$F$10:$F$189,MATCH(H12,'Test Case Design & Test Results'!$B$10:$B$189,0))&"","") -> 204 No Content | G12: =IFERROR(INDEX('Test Case Design & Test Results'!$G$10:$G$189,MATCH(H12,'Test Case Design & Test Results'!$B$10:$B$189,0)),"") -> Pass | H12: TC-RC04
A13: 5 | B13: TC-RC05: deleteRoom_hasBookings_returns409 | C13: DELETE /api/v1/rooms/1 id=1 (service โยน ConflictException) | D13: ห้องมีการจองผูกอยู่ | E13: 409 Conflict | F13: =IFERROR(INDEX('Test Case Design & Test Results'!$F$10:$F$189,MATCH(H13,'Test Case Design & Test Results'!$B$10:$B$189,0))&"","") -> 409 Conflict | G13: =IFERROR(INDEX('Test Case Design & Test Results'!$G$10:$G$189,MATCH(H13,'Test Case Design & Test Results'!$B$10:$B$189,0)),"") -> Pass | H13: TC-RC05
A14: 6 | B14: TC-RC06: createRoom_capacityAboveIntegerMax_returns400AndDoesNotCallService | C14: POST /api/v1/rooms {capacity: 2147483648} (เกิน Integer) | D14: capacity max+ (robustness) | E14: 400 Bad Request และไม่เรียก service | F14: =IFERROR(INDEX('Test Case Design & Test Results'!$F$10:$F$189,MATCH(H14,'Test Case Design & Test Results'!$B$10:$B$189,0))&"","") -> 400 Bad Request และไม่เรียก service | G14: =IFERROR(INDEX('Test Case Design & Test Results'!$G$10:$G$189,MATCH(H14,'Test Case Design & Test Results'!$B$10:$B$189,0)),"") -> Pass | H14: TC-RC06
A16: Alternate flows: | B16: ข้อมูลไม่ผ่าน validation ต้องได้ 400 และ service ต้องไม่ถูกเรียก
A17: Related Defect: | B17: D001, D002, D004

Sheet TS006
A1: Test Scenario ID: | B1: UAT-CWS-Rental-P2-TS006 | C1: Project ID: | D1: CWS-Rental-P2
A2: Test Scenario Name: | B2: Equipment REST API | C2: Project version: | D2: V1.0
A3: Designer: | B3: กฤติธี ศรีใสย์ 673380572-9 | C3: Test Version: | D3: V1.0
A4: Module: | B4: EquipmentController.java + GlobalExceptionHandler.java | C4: Date: | D4: 9/10/2569
A5: Pre-requisite: | B5: mock EquipmentService ด้วย Mockito, ยิง request ผ่าน MockMvc
A6: Description: | B6: ทดสอบ endpoint /api/v1/equipments ว่าตอบ status code ถูกต้อง (201, 400, 404, 409) และ @Valid ทำงานทั้ง POST และ PUT
A7: Main flow
A8: Step No. | B8: Description | C8: Input | D8: Condition | E8: Expected Results | F8: Actual Results | G8: Status (Pass/Fail/No run) | H8: Remark/Defect ID
A9: 1 | B9: TC-EC01: createEquipment_validBody_returns201 | C9: POST /api/v1/equipments {name:Projector, totalQuantity:5, category:Display} | D9: body ถูกต้อง | E9: 201 Created, id=1 | F9: =IFERROR(INDEX('Test Case Design & Test Results'!$F$10:$F$189,MATCH(H9,'Test Case Design & Test Results'!$B$10:$B$189,0))&"","") -> 201 Created, id=1 | G9: =IFERROR(INDEX('Test Case Design & Test Results'!$G$10:$G$189,MATCH(H9,'Test Case Design & Test Results'!$B$10:$B$189,0)),"") -> Pass | H9: TC-EC01
A10: 2 | B10: TC-EC02: createEquipment_negativeQuantity_returns400AndDoesNotCallService | C10: POST /api/v1/equipments {name:Projector, totalQuantity:-1} | D10: จำนวนติดลบ | E10: 400 Bad Request และไม่เรียก service | F10: =IFERROR(INDEX('Test Case Design & Test Results'!$F$10:$F$189,MATCH(H10,'Test Case Design & Test Results'!$B$10:$B$189,0))&"","") -> 400 Bad Request, service ไม่ถูกเรียก | G10: =IFERROR(INDEX('Test Case Design & Test Results'!$G$10:$G$189,MATCH(H10,'Test Case Design & Test Results'!$B$10:$B$189,0)),"") -> Pass | H10: TC-EC02
A11: 3 | B11: TC-EC03: updateEquipment_blankName_returns400AndDoesNotCallService | C11: PUT /api/v1/equipments/1 {name:" ", totalQuantity:3} | D11: name เป็นช่องว่าง | E11: 400 Bad Request และไม่เรียก service | F11: =IFERROR(INDEX('Test Case Design & Test Results'!$F$10:$F$189,MATCH(H11,'Test Case Design & Test Results'!$B$10:$B$189,0))&"","") -> 400 Bad Request, service ไม่ถูกเรียก | G11: =IFERROR(INDEX('Test Case Design & Test Results'!$G$10:$G$189,MATCH(H11,'Test Case Design & Test Results'!$B$10:$B$189,0)),"") -> Pass | H11: TC-EC03
A12: 4 | B12: TC-EC04: getEquipment_notFound_returns404 | C12: GET /api/v1/equipments/99 id=99 | D12: id ไม่มีในระบบ | E12: 404 Not Found | F12: =IFERROR(INDEX('Test Case Design & Test Results'!$F$10:$F$189,MATCH(H12,'Test Case Design & Test Results'!$B$10:$B$189,0))&"","") -> 404 Not Found | G12: =IFERROR(INDEX('Test Case Design & Test Results'!$G$10:$G$189,MATCH(H12,'Test Case Design & Test Results'!$B$10:$B$189,0)),"") -> Pass | H12: TC-EC04
A13: 5 | B13: TC-EC05: deleteEquipment_usedInBooking_returns409 | C13: DELETE /api/v1/equipments/1 id=1 (service โยน ConflictException) | D13: อุปกรณ์ถูกใช้ในการจอง | E13: 409 Conflict | F13: =IFERROR(INDEX('Test Case Design & Test Results'!$F$10:$F$189,MATCH(H13,'Test Case Design & Test Results'!$B$10:$B$189,0))&"","") -> 409 Conflict | G13: =IFERROR(INDEX('Test Case Design & Test Results'!$G$10:$G$189,MATCH(H13,'Test Case Design & Test Results'!$B$10:$B$189,0)),"") -> Pass | H13: TC-EC05
A15: Alternate flows: | B15: ข้อมูลไม่ผ่าน validation ต้องได้ 400 และ service ต้องไม่ถูกเรียก
A16: Related Defect: | B16: D001, D002, D004

Sheet TS007
A1: Test Scenario ID: | B1: UAT-CWS-Rental-P2-TS007 | C1: Project ID: | D1: CWS-Rental-P2
A2: Test Scenario Name: | B2: Input validation: Boundary value testing | C2: Project version: | D2: V1.0
A3: Designer: | B3: กฤติธี ศรีใสย์ 673380572-9 | C3: Test Version: | D3: V1.0
A4: Module: | B4: RoomCreateRequest.java, EquipmentCreateRequest.java | C4: Date: | D4: 9/10/2569
A5: Pre-requisite: | B5: ใช้ Bean Validator ตัวจริง (Hibernate Validator) ไม่ใช้ mock
A6: Description: | B6: ทดสอบค่าที่ขอบของ input ตามหลัก Boundary value (Week 3) ครบ 4 แบบ: normal BVA, robustness, worst-case และ robust worst-case โดยใช้ตัวแปร 2 ตัว (ความยาว name กับ capacity / totalQuantity) Equipment ทำ normal และ robustness
A7: Main flow
A8: Step No. | B8: Description | C8: Input | D8: Condition | E8: Expected Results | F8: Actual Results | G8: Status (Pass/Fail/No run) | H8: Remark/Defect ID
A9: 1 | B9: Normal Boundary Value Testing (Room) | C9: ดู sheet Normal_Room (TC-BVR-N01 ถึง TC-BVR-N09) | D9: 4n+1 = 9 | E9: ทุกเคสได้ผลตาม Expected | F9: =IF(COUNTIFS('Test Case Design & Test Results'!$B$10:$B$189,"TC-BVR-N??",'Test Case Design & Test Results'!$G$10:$G$189,"Pass")=9,"ผ่านครบ 9 เคส","") -> ผ่านครบ 9 เคส | G9: =IF(COUNTIFS('Test Case Design & Test Results'!$B$10:$B$189,"TC-BVR-N??",'Test Case Design & Test Results'!$G$10:$G$189,"Fail")>0,"Fail",IF(COUNTIFS('Test Case Design & Test Results'!$B$10:$B$189,"TC-BVR-N??",'Test Case Design & Test Results'!$G$10:$G$189,"Pass")=9,"Pass","No run")) -> Pass | H9: 9 เคส
A10: 2 | B10: Robustness Testing (Room) | C10: ดู sheet Robustness_Room (TC-BVR-R01 ถึง TC-BVR-R12) | D10: 6n+1 = 13 (12 + TC-RC06) | E10: ทุกเคสได้ผลตาม Expected | F10: =IF(COUNTIFS('Test Case Design & Test Results'!$B$10:$B$189,"TC-BVR-R??",'Test Case Design & Test Results'!$G$10:$G$189,"Pass")=12,"ผ่านครบ 12 เคส","") -> ผ่านครบ 12 เคส | G10: =IF(COUNTIFS('Test Case Design & Test Results'!$B$10:$B$189,"TC-BVR-R??",'Test Case Design & Test Results'!$G$10:$G$189,"Fail")>0,"Fail",IF(COUNTIFS('Test Case Design & Test Results'!$B$10:$B$189,"TC-BVR-R??",'Test Case Design & Test Results'!$G$10:$G$189,"Pass")=12,"Pass","No run")) -> Pass | H10: 12 เคส
A11: 3 | B11: Worst-case Testing (Room) | C11: ดู sheet WorstCase_Room (TC-BVR-W01 ถึง TC-BVR-W25) | D11: 5^n = 25 | E11: ทุกเคสได้ผลตาม Expected | F11: =IF(COUNTIFS('Test Case Design & Test Results'!$B$10:$B$189,"TC-BVR-W??",'Test Case Design & Test Results'!$G$10:$G$189,"Pass")=25,"ผ่านครบ 25 เคส","") -> ผ่านครบ 25 เคส | G11: =IF(COUNTIFS('Test Case Design & Test Results'!$B$10:$B$189,"TC-BVR-W??",'Test Case Design & Test Results'!$G$10:$G$189,"Fail")>0,"Fail",IF(COUNTIFS('Test Case Design & Test Results'!$B$10:$B$189,"TC-BVR-W??",'Test Case Design & Test Results'!$G$10:$G$189,"Pass")=25,"Pass","No run")) -> Pass | H11: 25 เคส
A12: 4 | B12: Robust Worst-case Testing (Room) | C12: ดู sheet RobustWorst_Room (TC-BVR-RW01 ถึง TC-BVR-RW42) | D12: 7^n = 49 (ทดสอบได้ 42, capacity max+ เกิน Integer) | E12: ทุกเคสได้ผลตาม Expected | F12: =IF(COUNTIFS('Test Case Design & Test Results'!$B$10:$B$189,"TC-BVR-RW??",'Test Case Design & Test Results'!$G$10:$G$189,"Pass")=42,"ผ่านครบ 42 เคส","") -> ผ่านครบ 42 เคส | G12: =IF(COUNTIFS('Test Case Design & Test Results'!$B$10:$B$189,"TC-BVR-RW??",'Test Case Design & Test Results'!$G$10:$G$189,"Fail")>0,"Fail",IF(COUNTIFS('Test Case Design & Test Results'!$B$10:$B$189,"TC-BVR-RW??",'Test Case Design & Test Results'!$G$10:$G$189,"Pass")=42,"Pass","No run")) -> Pass | H12: 42 เคส
A13: 5 | B13: Normal Boundary Value Testing (Equipment) | C13: ดู sheet Normal_Equipment (TC-BVE-N01 ถึง TC-BVE-N09) | D13: 4n+1 = 9 | E13: ทุกเคสได้ผลตาม Expected | F13: =IF(COUNTIFS('Test Case Design & Test Results'!$B$10:$B$189,"TC-BVE-N??",'Test Case Design & Test Results'!$G$10:$G$189,"Pass")=9,"ผ่านครบ 9 เคส","") -> ผ่านครบ 9 เคส | G13: =IF(COUNTIFS('Test Case Design & Test Results'!$B$10:$B$189,"TC-BVE-N??",'Test Case Design & Test Results'!$G$10:$G$189,"Fail")>0,"Fail",IF(COUNTIFS('Test Case Design & Test Results'!$B$10:$B$189,"TC-BVE-N??",'Test Case Design & Test Results'!$G$10:$G$189,"Pass")=9,"Pass","No run")) -> Pass | H13: 9 เคส
A14: 6 | B14: Robustness Testing (Equipment) | C14: ดู sheet Robustness_Equipment (TC-BVE-R01 ถึง TC-BVE-R12) | D14: 6n+1 = 13 (ทดสอบได้ 12) | E14: ทุกเคสได้ผลตาม Expected | F14: =IF(COUNTIFS('Test Case Design & Test Results'!$B$10:$B$189,"TC-BVE-R??",'Test Case Design & Test Results'!$G$10:$G$189,"Pass")=12,"ผ่านครบ 12 เคส","") -> ผ่านครบ 12 เคส | G14: =IF(COUNTIFS('Test Case Design & Test Results'!$B$10:$B$189,"TC-BVE-R??",'Test Case Design & Test Results'!$G$10:$G$189,"Fail")>0,"Fail",IF(COUNTIFS('Test Case Design & Test Results'!$B$10:$B$189,"TC-BVE-R??",'Test Case Design & Test Results'!$G$10:$G$189,"Pass")=12,"Pass","No run")) -> Pass | H14: 12 เคส
A16: Alternate flows: | B16: ค่า max+ ของ capacity (2147483648) เกินช่วง Integer จึงทดสอบที่ระดับ API แทน (TC-RC06)
A17: Related Defect: | B17: -

Sheet TS008
A1: Test Scenario ID: | B1: UAT-CWS-Rental-P2-TS008 | C1: Project ID: | D1: CWS-Rental-P2
A2: Test Scenario Name: | B2: Input validation: Equivalence class testing (single fault) | C2: Project version: | D2: V1.0
A3: Designer: | B3: กฤติธี ศรีใสย์ 673380572-9 | C3: Test Version: | D3: V1.0
A4: Module: | B4: RoomCreateRequest.java, EquipmentCreateRequest.java | C4: Date: | D4: 9/10/2569
A5: Pre-requisite: | B5: ใช้ Bean Validator ตัวจริง
A6: Description: | B6: ทดสอบทุก equivalence class ของ input (Week 4) แต่ละ invalid case ผิดแค่ 1 field และต้องมี violation เพียง field นั้น เพื่อยืนยันว่า validation ของ field นั้นทำงานจริง
A7: Main flow
A8: Step No. | B8: Description | C8: Input | D8: Condition | E8: Expected Results | F8: Actual Results | G8: Status (Pass/Fail/No run) | H8: Remark/Defect ID
A9: 1 | B9: TC-ECR-V01: Room valid class | C9: validator.validate(room) ทุก field ถูกต้อง | D9: EC1, EC4, EC7, EC9, EC11 | E9: ไม่มี violation | F9: =IFERROR(INDEX('Test Case Design & Test Results'!$F$10:$F$189,MATCH(H9,'Test Case Design & Test Results'!$B$10:$B$189,0))&"","") -> ไม่มี violation | G9: =IFERROR(INDEX('Test Case Design & Test Results'!$G$10:$G$189,MATCH(H9,'Test Case Design & Test Results'!$B$10:$B$189,0)),"") -> Pass | H9: TC-ECR-V01
A10: 2 | B10: TC-ECR-V02: Room valid class | C10: validator.validate(room) floor = null | D10: EC7 | E10: ไม่มี violation | F10: =IFERROR(INDEX('Test Case Design & Test Results'!$F$10:$F$189,MATCH(H10,'Test Case Design & Test Results'!$B$10:$B$189,0))&"","") -> ไม่มี violation | G10: =IFERROR(INDEX('Test Case Design & Test Results'!$G$10:$G$189,MATCH(H10,'Test Case Design & Test Results'!$B$10:$B$189,0)),"") -> Pass | H10: TC-ECR-V02
A11: 3 | B11: TC-ECR-V03: Room valid class | C11: validator.validate(room) floor ยาว 20 ตัว | D11: EC7 | E11: ไม่มี violation | F11: =IFERROR(INDEX('Test Case Design & Test Results'!$F$10:$F$189,MATCH(H11,'Test Case Design & Test Results'!$B$10:$B$189,0))&"","") -> ไม่มี violation | G11: =IFERROR(INDEX('Test Case Design & Test Results'!$G$10:$G$189,MATCH(H11,'Test Case Design & Test Results'!$B$10:$B$189,0)),"") -> Pass | H11: TC-ECR-V03
A12: 4 | B12: TC-ECR-V04: Room valid class | C12: validator.validate(room) roomType = VIP | D12: EC9 | E12: ไม่มี violation | F12: =IFERROR(INDEX('Test Case Design & Test Results'!$F$10:$F$189,MATCH(H12,'Test Case Design & Test Results'!$B$10:$B$189,0))&"","") -> ไม่มี violation | G12: =IFERROR(INDEX('Test Case Design & Test Results'!$G$10:$G$189,MATCH(H12,'Test Case Design & Test Results'!$B$10:$B$189,0)),"") -> Pass | H12: TC-ECR-V04
A13: 5 | B13: TC-ECR-V05: Room valid class | C13: validator.validate(room) status = MAINTENANCE | D13: EC11 | E13: ไม่มี violation | F13: =IFERROR(INDEX('Test Case Design & Test Results'!$F$10:$F$189,MATCH(H13,'Test Case Design & Test Results'!$B$10:$B$189,0))&"","") -> ไม่มี violation | G13: =IFERROR(INDEX('Test Case Design & Test Results'!$G$10:$G$189,MATCH(H13,'Test Case Design & Test Results'!$B$10:$B$189,0)),"") -> Pass | H13: TC-ECR-V05
A14: 6 | B14: TC-ECR-I01: Room invalid class | C14: validator.validate(room) name = "" (field อื่นถูกต้อง) | D14: EC2 | E14: violation 1 รายการ ที่ field name | F14: =IFERROR(INDEX('Test Case Design & Test Results'!$F$10:$F$189,MATCH(H14,'Test Case Design & Test Results'!$B$10:$B$189,0))&"","") -> violation 1 รายการ ที่ field name | G14: =IFERROR(INDEX('Test Case Design & Test Results'!$G$10:$G$189,MATCH(H14,'Test Case Design & Test Results'!$B$10:$B$189,0)),"") -> Pass | H14: TC-ECR-I01
A15: 7 | B15: TC-ECR-I02: Room invalid class | C15: validator.validate(room) name = " " (field อื่นถูกต้อง) | D15: EC2 | E15: violation 1 รายการ ที่ field name | F15: =IFERROR(INDEX('Test Case Design & Test Results'!$F$10:$F$189,MATCH(H15,'Test Case Design & Test Results'!$B$10:$B$189,0))&"","") -> violation 1 รายการ ที่ field name | G15: =IFERROR(INDEX('Test Case Design & Test Results'!$G$10:$G$189,MATCH(H15,'Test Case Design & Test Results'!$B$10:$B$189,0)),"") -> Pass | H15: TC-ECR-I02
A16: 8 | B16: TC-ECR-I03: Room invalid class | C16: validator.validate(room) name = null (field อื่นถูกต้อง) | D16: EC2 | E16: violation 1 รายการ ที่ field name | F16: =IFERROR(INDEX('Test Case Design & Test Results'!$F$10:$F$189,MATCH(H16,'Test Case Design & Test Results'!$B$10:$B$189,0))&"","") -> violation 1 รายการ ที่ field name | G16: =IFERROR(INDEX('Test Case Design & Test Results'!$G$10:$G$189,MATCH(H16,'Test Case Design & Test Results'!$B$10:$B$189,0)),"") -> Pass | H16: TC-ECR-I03
A17: 9 | B17: TC-ECR-I04: Room invalid class | C17: validator.validate(room) name ยาว 101 ตัว (field อื่นถูกต้อง) | D17: EC3 | E17: violation 1 รายการ ที่ field name | F17: =IFERROR(INDEX('Test Case Design & Test Results'!$F$10:$F$189,MATCH(H17,'Test Case Design & Test Results'!$B$10:$B$189,0))&"","") -> violation 1 รายการ ที่ field name | G17: =IFERROR(INDEX('Test Case Design & Test Results'!$G$10:$G$189,MATCH(H17,'Test Case Design & Test Results'!$B$10:$B$189,0)),"") -> Pass | H17: TC-ECR-I04
A18: 10 | B18: TC-ECR-I05: Room invalid class | C18: validator.validate(room) capacity = 0 (field อื่นถูกต้อง) | D18: EC5 | E18: violation 1 รายการ ที่ field capacity | F18: =IFERROR(INDEX('Test Case Design & Test Results'!$F$10:$F$189,MATCH(H18,'Test Case Design & Test Results'!$B$10:$B$189,0))&"","") -> violation 1 รายการ ที่ field capacity | G18: =IFERROR(INDEX('Test Case Design & Test Results'!$G$10:$G$189,MATCH(H18,'Test Case Design & Test Results'!$B$10:$B$189,0)),"") -> Pass | H18: TC-ECR-I05
A19: 11 | B19: TC-ECR-I06: Room invalid class | C19: validator.validate(room) capacity = -1 (field อื่นถูกต้อง) | D19: EC5 | E19: violation 1 รายการ ที่ field capacity | F19: =IFERROR(INDEX('Test Case Design & Test Results'!$F$10:$F$189,MATCH(H19,'Test Case Design & Test Results'!$B$10:$B$189,0))&"","") -> violation 1 รายการ ที่ field capacity | G19: =IFERROR(INDEX('Test Case Design & Test Results'!$G$10:$G$189,MATCH(H19,'Test Case Design & Test Results'!$B$10:$B$189,0)),"") -> Pass | H19: TC-ECR-I06
A20: 12 | B20: TC-ECR-I07: Room invalid class | C20: validator.validate(room) capacity = null (field อื่นถูกต้อง) | D20: EC6 | E20: violation 1 รายการ ที่ field capacity | F20: =IFERROR(INDEX('Test Case Design & Test Results'!$F$10:$F$189,MATCH(H20,'Test Case Design & Test Results'!$B$10:$B$189,0))&"","") -> violation 1 รายการ ที่ field capacity | G20: =IFERROR(INDEX('Test Case Design & Test Results'!$G$10:$G$189,MATCH(H20,'Test Case Design & Test Results'!$B$10:$B$189,0)),"") -> Pass | H20: TC-ECR-I07
... A33: 25 | B33: TC-ECE-I06: Equipment invalid class | C33: validator.validate(equipment) category ยาว 51 ตัว (field อื่นถูกต้อง) | D33: EC20 | E33: violation 1 รายการ ที่ field category | F33: =IFERROR(INDEX('Test Case Design & Test Results'!$F$10:$F$189,MATCH(H33,'Test Case Design & Test Results'!$B$10:$B$189,0))&"","") -> violation 1 รายการ ที่ field category | G33: =IFERROR(INDEX('Test Case Design & Test Results'!$G$10:$G$189,MATCH(H33,'Test Case Design & Test Results'!$B$10:$B$189,0)),"") -> Pass | H33: TC-ECE-I06
A35: Alternate flows: | B35: -
A36: Related Defect: | B36: D001

Sheet TS009
A1: Test Scenario ID: | B1: UAT-CWS-Rental-P2-TS009 | C1: Project ID: | D1: CWS-Rental-P2
A2: Test Scenario Name: | B2: Integration: API ถึง database จริง | C2: Project version: | D2: V1.0
A3: Designer: | B3: กฤติธี ศรีใสย์ 673380572-9 | C3: Test Version: | D3: V1.0
A4: Module: | B4: RoomController, EquipmentController, RoomServiceImpl, EquipmentServiceImpl, Repository, H2 | C4: Date: | D4: 9/10/2569
A5: Pre-requisite: | B5: @SpringBootTest + MockMvc, ใช้ H2 in-memory database (Fake) ไม่มี mock
A6: Description: | B6: ทดสอบการทำงานร่วมกันทุก layer (Week 9) ลบห้อง/อุปกรณ์ที่มีการจองแล้ว foreign key ชนจริงใน database ต้องได้ 409 จาก ConflictException และข้อมูลต้องยังอยู่
A7: Main flow
A8: Step No. | B8: Description | C8: Input | D8: Condition | E8: Expected Results | F8: Actual Results | G8: Status (Pass/Fail/No run) | H8: Remark/Defect ID
A9: 1 | B9: TC-IT01: deleteRoom_withBooking_returns409AndRoomStillExists | C9: DELETE /api/v1/rooms/{id} ห้องที่มี booking ใน DB จริง | D9: ห้องมีการจองผูกอยู่ | E9: 409 + message มี "(id: x)" และห้องยังอยู่ใน DB | F9: =IFERROR(INDEX('Test Case Design & Test Results'!$F$10:$F$189,MATCH(H9,'Test Case Design & Test Results'!$B$10:$B$189,0))&"","") -> 409 + message มี "(id: x)" และห้องยังอยู่ใน DB | G9: =IFERROR(INDEX('Test Case Design & Test Results'!$G$10:$G$189,MATCH(H9,'Test Case Design & Test Results'!$B$10:$B$189,0)),"") -> Pass | H9: TC-IT01
A10: 2 | B10: TC-IT02: deleteRoom_withoutBooking_returns204AndRoomIsRemoved | C10: DELETE /api/v1/rooms/{id} ห้องที่ไม่มี booking | D10: ไม่มีการจอง | E10: 204 และห้องหายจาก DB | F10: =IFERROR(INDEX('Test Case Design & Test Results'!$F$10:$F$189,MATCH(H10,'Test Case Design & Test Results'!$B$10:$B$189,0))&"","") -> 204 และห้องหายจาก DB | G10: =IFERROR(INDEX('Test Case Design & Test Results'!$G$10:$G$189,MATCH(H10,'Test Case Design & Test Results'!$B$10:$B$189,0)),"") -> Pass | H10: TC-IT02
A11: 3 | B11: TC-IT03: deleteEquipment_usedInBooking_returns409AndEquipmentStillExists | C11: DELETE /api/v1/equipments/{id} อุปกรณ์ที่ผูกกับ booking_equipment | D11: อุปกรณ์ถูกใช้ในการจอง | E11: 409 + message มี "(id: x)" และอุปกรณ์ยังอยู่ | F11: =IFERROR(INDEX('Test Case Design & Test Results'!$F$10:$F$189,MATCH(H11,'Test Case Design & Test Results'!$B$10:$B$189,0))&"","") -> 409 + message มี "(id: x)" และอุปกรณ์ยังอยู่ | G11: =IFERROR(INDEX('Test Case Design & Test Results'!$G$10:$G$189,MATCH(H11,'Test Case Design & Test Results'!$B$10:$B$189,0)),"") -> Pass | H11: TC-IT03
A12: 4 | B12: TC-IT04: deleteEquipment_unused_returns204AndEquipmentIsRemoved | C12: DELETE /api/v1/equipments/{id} อุปกรณ์ที่ไม่ถูกใช้ | D12: ไม่ถูกใช้ | E12: 204 และอุปกรณ์หายจาก DB | F12: =IFERROR(INDEX('Test Case Design & Test Results'!$F$10:$F$189,MATCH(H12,'Test Case Design & Test Results'!$B$10:$B$189,0))&"","") -> 204 และอุปกรณ์หายจาก DB | G12: =IFERROR(INDEX('Test Case Design & Test Results'!$G$10:$G$189,MATCH(H12,'Test Case Design & Test Results'!$B$10:$B$189,0)),"") -> Pass | H12: TC-IT04
A13: 5 | B13: TC-IT05: getRoom_notExisting_returns404 | C13: GET /api/v1/rooms/{id} id = Long.MAX_VALUE | D13: id ไม่มีใน DB | E13: 404 Not Found | F13: =IFERROR(INDEX('Test Case Design & Test Results'!$F$10:$F$189,MATCH(H13,'Test Case Design & Test Results'!$B$10:$B$189,0))&"","") -> 404 Not Found | G13: =IFERROR(INDEX('Test Case Design & Test Results'!$G$10:$G$189,MATCH(H13,'Test Case Design & Test Results'!$B$10:$B$189,0)),"") -> Pass | H13: TC-IT05
A14: 6 | B14: TC-IT06: createRoom_validBody_returns201AndPersists | C14: POST /api/v1/rooms {name: IT Created Room, capacity: 12, VIP} | D14: body ถูกต้อง | E14: 201 และบันทึกลง DB จริง | F14: =IFERROR(INDEX('Test Case Design & Test Results'!$F$10:$F$189,MATCH(H14,'Test Case Design & Test Results'!$B$10:$B$189,0))&"","") -> 201 และบันทึกลง DB จริง | G14: =IFERROR(INDEX('Test Case Design & Test Results'!$G$10:$G$189,MATCH(H14,'Test Case Design & Test Results'!$B$10:$B$189,0)),"") -> Pass | H14: TC-IT06
A16: Alternate flows: | B16: ถ้า flush() ไม่ทำงาน error จะเกิดตอน commit และได้ข้อความกลางของระบบแทน เทสต์จะ fail
A17: Related Defect: | B17: D004

Sheet Test Case Design & Test Results
A2: Test Case Design and Test Results
A4: Project Name: | B4: Co-Working Space Equipment Rental | E4: Project ID: | F4: CWS-Rental-P2
A5: Test Strategy: | B5: Gray-box testing: Unit test (JUnit 5 + Mockito), API test (MockMvc), Boundary value, Equivalence class, Decision table, Integration test (H2), White-box (JaCoCo) | E5: Designer: | F5: กฤติธี ศรีใสย์ 673380572-9
A6: Test Environtment: | B6: Java 17, Spring Boot 4.1, JUnit 5, Mockito, Maven Surefire 3.5.6, Windows 11 Date: 9/10/2569
A8: Scenario ID | B8: Test Case ID | C8: Input | E8: Expected Result | F8: Actual Result | G8: Status (Pass/Fail/No run) | H8: Test Double
C9: Method / Request | D9: Data
A10: TS001 | B10: TC-RS01 | C10: createRoom(request) | D10: name=Room A, capacity=10, floor=2, VIP, AVAILABLE | E10: บันทึกสำเร็จ คืน id=1, name=Room A, roomType=VIP | F10: คืน id=1, name=Room A, roomType=VIP | G10: Pass | H10: Stub (MeetingRoomRepository)
A11: TS001 | B11: TC-RS02 | C11: getRoomById(id) | D11: id=1 | E11: คืนข้อมูลห้อง id=1 | F11: คืนข้อมูลห้อง id=1 | G11: Pass | H11: Stub (MeetingRoomRepository)
A12: TS001 | B12: TC-RS03 | C12: getRoomById(id) | D12: id=99 | E12: throw ResourceNotFoundException | F12: throw ResourceNotFoundException | G12: Pass | H12: Stub (MeetingRoomRepository)
A13: TS001 | B13: TC-RS04 | C13: getAllRooms(pageable) | D13: page=0, size=10 (มี 2 ห้อง) | E13: คืน Page totalElements=2 | F13: คืน Page totalElements=2 | G13: Pass | H13: Stub (MeetingRoomRepository)
A14: TS001 | B14: TC-RS05 | C14: updateRoom(id, request) | D14: id=1, name=Room B, capacity=20, MAINTENANCE | E14: ข้อมูลเปลี่ยนเป็น Room B, 20, MAINTENANCE | F14: ข้อมูลเปลี่ยนเป็น Room B, 20, MAINTENANCE | G14: Pass | H14: Stub (MeetingRoomRepository)
A15: TS001 | B15: TC-RS06 | C15: updateRoom(id, request) | D15: id=99 | E15: throw ResourceNotFoundException และไม่ save | F15: throw ResourceNotFoundException, save ไม่ถูกเรียก | G15: Pass | H15: Stub (MeetingRoomRepository), Mock (verify MeetingRoomRepository)
A16: TS001 | B16: TC-RS07 | C16: deleteRoom(id) | D16: id=1 | E16: เรียก delete(room) | F16: delete(room) ถูกเรียก | G16: Pass | H16: Stub (MeetingRoomRepository), Mock (verify MeetingRoomRepository)
A17: TS001 | B17: TC-RS08 | C17: deleteRoom(id) | D17: id=99 | E17: throw ResourceNotFoundException และไม่ delete | F17: throw ResourceNotFoundException, delete ไม่ถูกเรียก | G17: Pass | H17: Stub (MeetingRoomRepository), Mock (verify MeetingRoomRepository)
A18: TS001 | B18: TC-RS09 | C18: deleteRoom(id) | D18: id=1 | E18: เรียก flush() ทันทีหลัง delete | F18: flush() ถูกเรียก | G18: Pass | H18: Stub (MeetingRoomRepository), Mock (verify MeetingRoomRepository)
A19: TS001 | B19: TC-RS10 | C19: deleteRoom(id) | D19: id=1, flush() โยน DataIntegrityViolationException | E19: throw ConflictException | F19: throw ConflictException | G19: Pass | H19: Stub (MeetingRoomRepository)
A20: TS002 | B20: TC-ES01 | C20: createEquipment(request) | D20: name=Projector, totalQuantity=5, category=Display | E20: บันทึกสำเร็จ คืน id=1, totalQuantity=5 | F20: คืน id=1, totalQuantity=5 | G20: Pass | H20: Stub (EquipmentRepository)
A21: TS002 | B21: TC-ES02 | C21: createEquipment(request) | D21: totalQuantity=-1 | E21: throw IllegalArgumentException และไม่ save | F21: throw IllegalArgumentException, save ไม่ถูกเรียก | G21: Pass | H21: Stub (EquipmentRepository), Mock (verify EquipmentRepository)
... A189: TS009 | B189: TC-IT06 | C189: POST /api/v1/rooms | D189: {name: IT Created Room, capacity: 12, VIP} | E189: 201 และบันทึกลง DB จริง | F189: 201 และบันทึกลง DB จริง | G189: Pass | H189: Fake (H2 in-memory DB)
A191: อัปเดตผลที่ sheet นี้ที่เดียว (Status + Actual Result) sheet อื่นดึงค่าจากที่นี่
